date,property_name,market,year,month,day_of_week,total_rooms,rooms_sold,rooms_available,occupancy,adr,revpar,compset_occupancy,compset_adr,compset_revpar,market_occupancy,market_adr,market_revpar,mpi,ari,rgi,seg_transient_pct,seg_group_pct,seg_contract_pct,adr_transient,adr_group,adr_contract,revenue_transient,revenue_group,revenue_contract,total_revenue,quarter
2025-01-01,Property_BAL_001,Bali,2025,1,Wednesday,180,151,180,84.2,5831000,4907000,88.0,6523011,5739000,83.1,5258202,4369000,95.7,89.4,85.5,72.9,19.6,7.5,6217000,4865000,4595000,642222700,172299800,65958400,880481000,1
2025-01-02,Property_BAL_001,Bali,2025,1,Thursday,180,154,180,85.6,6016000,5153000,91.9,6429274,5912000,73.3,5647850,4138000,93.1,93.6,87.2,67.8,15.9,16.3,6519000,5102000,4818000,627925000,147317300,151221700,926464000,1
2025-01-03,Property_BAL_001,Bali,2025,1,Friday,180,153,180,85.0,6444000,5475000,89.2,7197494,6419000,84.1,6568921,5526000,95.3,89.5,85.3,75.4,13.9,10.7,6842000,5354000,5057000,743189600,137011400,105731000,985932000,1
2025-01-04,Property_BAL_001,Bali,2025,1,Saturday,180,180,180,100.0,7453000,7453000,106.8,7673445,8195000,90.5,7143816,6467000,93.6,97.1,90.9,70.1,10.4,19.5,8044000,6295000,5946000,940480500,139321300,261738200,1341540000,1
2025-01-05,Property_BAL_001,Bali,2025,1,Sunday,180,172,180,95.6,7260000,6940000,101.5,8062727,8183000,91.1,6993462,6368000,94.2,90.0,84.8,77.9,18.1,4.0,7640000,5979000,5647000,973043900,225634100,50042000,1248720000,1
2025-01-06,Property_BAL_001,Bali,2025,1,Monday,180,145,180,80.8,5904000,4770000,86.3,6673182,5756000,76.8,5476255,4206000,93.7,88.5,82.9,73.4,15.3,11.3,6299000,4930000,4656000,628275300,131195700,96609000,856080000,1
2025-01-07,Property_BAL_001,Bali,2025,1,Tuesday,180,131,180,73.0,6014000,4388000,78.1,6330627,4944000,67.5,5591190,3773000,93.4,95.0,88.8,80.3,9.5,10.2,6312000,4940000,4665000,632643600,75121600,80068800,787834000,1
2025-01-08,Property_BAL_001,Bali,2025,1,Wednesday,180,147,180,81.9,5842000,4785000,85.9,6131240,5268000,81.6,5781276,4720000,95.3,95.3,90.8,72.1,18.8,9.1,6246000,4888000,4616000,619003800,161229600,78540600,858774000,1
2025-01-09,Property_BAL_001,Bali,2025,1,Thursday,180,148,180,82.1,6074000,4990000,87.8,6485544,5694000,76.1,5867927,4465000,93.6,93.7,87.6,70.8,17.9,11.4,6521000,5104000,4820000,636098300,160718200,102135500,898952000,1
2025-01-10,Property_BAL_001,Bali,2025,1,Friday,180,180,180,100.0,6610000,6610000,102.7,6807954,6990000,93.4,6126424,5722000,97.4,97.1,94.6,72.0,17.7,10.3,7072000,5535000,5227000,856695200,210313100,122791700,1189800000,1
2025-01-11,Property_BAL_001,Bali,2025,1,Saturday,180,164,180,91.0,7052000,6416000,97.0,7715331,7482000,84.0,6185611,5194000,93.8,91.4,85.8,76.2,15.5,8.2,7464000,5841000,5517000,881819800,179613300,95094900,1156528000,1
2025-01-12,Property_BAL_001,Bali,2025,1,Sunday,180,173,180,96.3,7010000,6748000,102.1,7353606,7510000,94.6,6758286,6391000,94.3,95.3,89.9,77.8,20.1,2.1,7372000,5770000,5449000,943847700,243608300,25274000,1212730000,1
2025-01-13,Property_BAL_001,Bali,2025,1,Monday,180,145,180,80.7,5649000,4558000,85.1,5949910,5063000,77.7,5239879,4070000,94.8,94.9,90.0,64.4,13.8,21.8,6187000,4842000,4573000,527430400,113014400,178660200,819105000,1
2025-01-14,Property_BAL_001,Bali,2025,1,Tuesday,180,150,180,83.3,5602000,4665000,91.2,6178272,5633000,79.4,5341955,4242000,91.3,90.7,82.8,62.1,13.5,24.4,6177000,4834000,4565000,521501300,113566300,205232400,840300000,1
2025-01-15,Property_BAL_001,Bali,2025,1,Wednesday,180,138,180,76.9,5966000,4586000,80.0,6310376,5051000,68.8,6337578,4360000,96.0,94.5,90.8,74.6,13.9,11.5,6349000,4968000,4692000,614107800,114821000,94379200,823308000,1
2025-01-16,Property_BAL_001,Bali,2025,1,Thursday,180,139,180,77.2,6367000,4916000,81.7,6980938,5701000,69.6,6163341,4287000,94.5,91.2,86.2,78.2,16.2,5.6,6701000,5244000,4953000,691921400,143531100,49560500,885013000,1
2025-01-17,Property_BAL_001,Bali,2025,1,Friday,180,170,180,94.4,6442000,6083000,101.2,7154063,7236000,85.4,5920092,5058000,93.3,90.0,84.1,72.5,11.9,15.6,6902000,5402000,5101000,793505600,130732900,170901500,1095140000,1
2025-01-18,Property_BAL_001,Bali,2025,1,Saturday,180,177,180,98.2,7503000,7371000,107.6,8063988,8676000,85.6,7512725,6431000,91.3,93.0,85.0,73.7,16.1,10.2,7996000,6258000,5910000,978252100,214186800,135592100,1328031000,1
2025-01-19,Property_BAL_001,Bali,2025,1,Sunday,180,161,180,89.4,7298000,6527000,92.8,8095566,7513000,79.2,6896563,5465000,96.4,90.1,86.9,85.1,16.6,-1.7,7537000,5898000,5571000,999905000,194706500,-19633400,1174978000,1
2025-01-20,Property_BAL_001,Bali,2025,1,Monday,180,138,180,76.5,5816000,4452000,81.2,6167287,5006000,73.9,5569178,4114000,94.3,94.3,88.9,69.0,15.5,15.5,6282000,4917000,4643000,553590600,124462800,124554600,802608000,1
2025-01-21,Property_BAL_001,Bali,2025,1,Tuesday,180,145,180,80.8,5783000,4670000,87.9,6623006,5821000,75.4,5652129,4264000,91.9,87.3,80.2,69.1,24.0,7.0,6220000,4868000,4598000,579166300,200944100,58424700,838535000,1
2025-01-22,Property_BAL_001,Bali,2025,1,Wednesday,180,139,180,77.4,5816000,4500000,82.5,6437118,5313000,73.5,5231276,3844000,93.8,90.4,84.7,69.1,14.4,16.5,6284000,4918000,4645000,558394500,116503800,133525700,808424000,1
2025-01-23,Property_BAL_001,Bali,2025,1,Thursday,180,146,180,81.1,6281000,5093000,84.1,6778942,5699000,79.3,5935583,4708000,96.5,92.7,89.4,69.4,12.8,17.8,6785000,5310000,5015000,636133600,117511100,163381300,917026000,1
2025-01-24,Property_BAL_001,Bali,2025,1,Friday,180,166,180,92.0,6814000,6271000,98.8,7111419,7025000,85.2,6642482,5658000,93.2,95.8,89.3,77.8,14.4,7.8,7186000,5624000,5312000,879590200,163355000,88178700,1131124000,1
2025-01-25,Property_BAL_001,Bali,2025,1,Saturday,180,175,180,97.0,7850000,7618000,101.6,8869396,9010000,94.4,7177467,6775000,95.5,88.5,84.6,78.2,21.0,0.8,8244000,6452000,6093000,1074302300,288100200,11347400,1373750000,1
2025-01-26,Property_BAL_001,Bali,2025,1,Sunday,180,176,180,98.0,7108000,6966000,103.3,8039665,8303000,91.7,7117390,6529000,94.9,88.4,83.9,76.8,14.8,8.4,7514000,5881000,5554000,961302500,185087300,104618100,1251008000,1
2025-01-27,Property_BAL_001,Bali,2025,1,Monday,180,135,180,75.0,5770000,4327000,81.8,6212279,5080000,75.3,5796496,4364000,91.7,92.9,85.2,73.6,21.7,4.7,6134000,4800000,4534000,573680200,168772400,36497400,778950000,1
2025-01-28,Property_BAL_001,Bali,2025,1,Tuesday,180,141,180,78.3,5865000,4591000,84.8,6672337,5658000,71.4,5865346,4190000,92.3,87.9,81.1,74.1,7.7,18.2,6268000,4906000,4633000,612550400,64063500,150351100,826965000,1
2025-01-29,Property_BAL_001,Bali,2025,1,Wednesday,180,146,180,80.9,5621000,4546000,85.5,5932003,5070000,75.4,5671590,4274000,94.6,94.8,89.7,79.6,19.3,1.1,5885000,4606000,4350000,653187900,158336400,9141700,820666000,1
2025-01-30,Property_BAL_001,Bali,2025,1,Thursday,180,152,180,84.2,5994000,5047000,85.0,6560218,5577000,78.4,5461449,4284000,99.1,91.4,90.5,76.8,19.6,3.6,6322000,4947000,4673000,699997200,178503700,32587200,911088000,1
2025-01-31,Property_BAL_001,Bali,2025,1,Friday,180,162,180,89.8,6741000,6052000,95.5,7672889,7328000,80.7,6768320,5460000,94.0,87.9,82.6,64.8,12.1,23.1,7380000,5776000,5455000,707602100,131711500,252728400,1092042000,1
2025-02-01,Property_BAL_001,Bali,2025,2,Saturday,180,171,180,95.0,7545000,7169000,101.3,8070257,8174000,89.3,7152827,6385000,93.8,93.5,87.7,75.3,17.8,6.9,7999000,6260000,5912000,971307700,229379600,89507700,1290195000,1
2025-02-02,Property_BAL_001,Bali,2025,2,Sunday,180,167,180,93.0,7116000,6618000,98.6,8043985,7935000,90.3,6828698,6166000,94.3,88.5,83.4,77.9,10.3,11.8,7515000,5881000,5555000,926158600,122175300,140038200,1188372000,1
2025-02-03,Property_BAL_001,Bali,2025,2,Monday,180,142,180,79.0,5481000,4328000,83.2,5730203,4769000,78.3,5245084,4105000,94.9,95.7,90.8,76.3,16.2,7.5,5799000,4539000,4287000,593845500,125950000,58506500,778302000,1
2025-02-04,Property_BAL_001,Bali,2025,2,Tuesday,180,142,180,79.1,5571000,4405000,83.7,6016373,5035000,68.8,5155883,3547000,94.5,92.6,87.5,73.8,18.6,7.6,5928000,4639000,4381000,584134600,147039900,59907500,791082000,1
2025-02-05,Property_BAL_001,Bali,2025,2,Wednesday,180,125,180,69.5,5955000,4141000,73.6,6497658,4780000,66.5,5482150,3645000,94.5,91.6,86.6,73.9,14.5,11.6,6347000,4968000,4692000,550083900,108233600,86057500,744375000,1
2025-02-06,Property_BAL_001,Bali,2025,2,Thursday,180,138,180,76.5,6227000,4765000,83.4,6922835,5773000,74.8,5815821,4347000,91.8,89.9,82.5,77.7,13.5,8.7,6570000,5141000,4856000,668024000,116281400,75020600,859326000,1
2025-02-07,Property_BAL_001,Bali,2025,2,Friday,180,179,180,99.4,6830000,6787000,104.7,7208115,7545000,89.2,5981805,5334000,94.9,94.8,90.0,65.4,21.0,13.6,7433000,5817000,5494000,799735400,256257400,166577200,1222570000,1
2025-02-08,Property_BAL_001,Bali,2025,2,Saturday,180,174,180,96.5,7370000,7111000,104.9,7943954,8336000,98.6,7809286,7697000,92.0,92.8,85.3,74.4,21.4,4.2,7820000,6120000,5780000,953523000,274720600,54136400,1282380000,1
2025-02-09,Property_BAL_001,Bali,2025,2,Sunday,180,174,180,96.6,6896000,6664000,100.2,7781702,7797000,95.5,6673780,6376000,96.4,88.6,85.5,74.2,12.7,13.1,7350000,5752000,5432000,890488700,152266200,157149100,1199904000,1
2025-02-10,Property_BAL_001,Bali,2025,2,Monday,180,139,180,77.5,5556000,4305000,81.6,6226380,5081000,75.1,5716608,4294000,95.0,89.2,84.7,67.4,10.1,22.5,6043000,4730000,4467000,520695600,77860900,173727600,772284000,1
2025-02-11,Property_BAL_001,Bali,2025,2,Tuesday,180,145,180,80.7,5753000,4645000,88.1,6343350,5586000,81.9,5678216,4649000,91.7,90.7,83.2,69.1,13.6,17.3,6218000,4866000,4596000,576057000,113676300,144451700,834185000,1
2025-02-12,Property_BAL_001,Bali,2025,2,Wednesday,180,139,180,77.0,6034000,4647000,84.1,6709066,5644000,72.1,6208181,4479000,91.6,89.9,82.3,81.4,13.7,4.9,6303000,4933000,4659000,682496500,114955300,41274200,838726000,1
2025-02-13,Property_BAL_001,Bali,2025,2,Thursday,180,152,180,84.4,5844000,4933000,90.5,6381251,5775000,81.3,5372271,4366000,93.3,91.6,85.4,61.8,9.3,28.8,6461000,5057000,4776000,549389500,82709000,256189500,888288000,1
2025-02-14,Property_BAL_001,Bali,2025,2,Friday,180,171,180,95.2,7171000,6827000,101.4,7875316,7984000,83.7,6693622,5602000,93.9,91.1,85.5,78.4,19.0,2.6,7533000,5896000,5568000,961654000,232711800,31875200,1226241000,1
2025-02-15,Property_BAL_001,Bali,2025,2,Saturday,180,169,180,94.1,7460000,7023000,99.8,8091749,8075000,89.4,7015698,6274000,94.3,92.2,87.0,73.8,19.2,7.0,7935000,6210000,5865000,930949400,242078200,87712400,1260740000,1
2025-02-16,Property_BAL_001,Bali,2025,2,Sunday,180,165,180,91.9,6820000,6268000,96.5,7519092,7254000,88.8,6626378,5885000,95.3,90.7,86.4,72.4,8.2,19.4,7320000,5729000,5411000,815007300,92059200,218233600,1125300000,1
2025-02-17,Property_BAL_001,Bali,2025,2,Monday,180,136,180,75.5,5795000,4374000,80.5,6416299,5164000,75.2,5908342,4441000,93.8,90.3,84.7,81.0,17.3,1.7,6050000,4735000,4472000,638160400,136362500,13597100,788120000,1
2025-02-18,Property_BAL_001,Bali,2025,2,Tuesday,180,145,180,80.3,5906000,4743000,86.6,6426222,5567000,71.5,5374774,3841000,92.7,91.9,85.2,71.8,14.6,13.7,6332000,4956000,4680000,614455400,124961300,116953300,856370000,1
2025-02-19,Property_BAL_001,Bali,2025,2,Wednesday,180,129,180,71.5,5813000,4154000,76.6,6135407,4703000,70.3,5470750,3847000,93.2,94.7,88.3,76.6,16.4,7.0,6144000,4808000,4541000,574674200,122746600,52456100,749877000,1
2025-02-20,Property_BAL_001,Bali,2025,2,Thursday,180,137,180,75.9,6116000,4640000,80.3,6595161,5294000,70.7,5973486,4221000,94.5,92.7,87.6,82.5,12.9,4.6,6370000,4985000,4708000,691643600,107804800,38443600,837892000,1
2025-02-21,Property_BAL_001,Bali,2025,2,Friday,180,145,180,80.6,6746000,5434000,85.2,7679031,6546000,72.7,5866221,4264000,94.5,87.8,83.0,74.0,14.7,11.3,7188000,5625000,5313000,723580900,144138700,110450300,978170000,1
2025-02-22,Property_BAL_001,Bali,2025,2,Saturday,180,166,180,92.2,7036000,6484000,100.5,7967730,8009000,77.5,6593357,5107000,91.7,88.3,81.0,78.7,16.4,4.9,7394000,5787000,5465000,919295400,191385800,57294800,1167976000,1
2025-02-23,Property_BAL_001,Bali,2025,2,Sunday,180,163,180,90.7,7117000,6455000,94.1,7393543,6958000,89.1,6176510,5502000,96.4,96.3,92.8,85.0,13.1,1.9,7364000,5763000,5443000,985888100,151920000,22262900,1160071000,1
2025-02-24,Property_BAL_001,Bali,2025,2,Monday,180,125,180,69.7,5647000,3936000,75.6,6245507,4720000,63.8,5760575,3675000,92.2,90.4,83.4,76.5,18.5,5.0,5965000,4669000,4409000,539878800,130913800,35082400,705875000,1
2025-02-25,Property_BAL_001,Bali,2025,2,Tuesday,180,130,180,72.4,5821000,4217000,77.2,6311955,4874000,70.8,5142919,3642000,93.8,92.2,86.5,82.2,16.1,1.7,6059000,4742000,4479000,622328800,121653500,12747700,756730000,1
2025-02-26,Property_BAL_001,Bali,2025,2,Wednesday,180,134,180,74.5,5528000,4118000,76.3,6028761,4602000,69.9,5487501,3834000,97.6,91.7,89.5,66.0,15.7,18.2,6020000,4711000,4450000,489151300,116472000,135128700,740752000,1
2025-02-27,Property_BAL_001,Bali,2025,2,Thursday,180,156,180,86.9,5845000,5078000,93.0,6078014,5654000,78.8,5256800,4140000,93.4,96.2,89.8,75.4,14.5,10.1,6204000,4855000,4586000,687634800,131936600,92248600,911820000,1
2025-02-28,Property_BAL_001,Bali,2025,2,Friday,180,160,180,89.0,6548000,5830000,93.8,6987344,6557000,85.1,5961596,5071000,94.9,93.7,88.9,79.7,14.7,5.6,6868000,5375000,5077000,834913500,154410800,58355600,1047680000,1
2025-03-01,Property_BAL_001,Bali,2025,3,Saturday,180,147,180,81.5,6868000,5595000,85.6,7215202,6180000,77.3,6430030,4970000,95.1,95.2,90.5,83.0,8.3,8.7,7160000,5604000,5292000,837750300,83773000,88072700,1009596000,1
2025-03-02,Property_BAL_001,Bali,2025,3,Sunday,180,172,180,95.8,6006000,5753000,97.8,6815676,6668000,92.4,5535590,5113000,97.9,88.1,86.3,70.0,10.6,19.4,6484000,5074000,4792000,722965200,109672000,200394800,1033032000,1
2025-03-03,Property_BAL_001,Bali,2025,3,Monday,180,120,180,66.5,4718000,3135000,72.8,5081192,3700000,66.4,4830862,3210000,91.3,92.9,84.7,69.4,17.7,12.9,5085000,3980000,3759000,392922300,100175700,73061900,566160000,1
2025-03-04,Property_BAL_001,Bali,2025,3,Tuesday,180,116,180,64.4,4725000,3044000,67.7,5206615,3527000,59.4,4463459,2650000,95.1,90.7,86.3,69.0,19.1,11.9,5095000,3987000,3766000,378155800,104866700,65077500,548100000,1
2025-03-05,Property_BAL_001,Bali,2025,3,Wednesday,180,114,180,63.5,5287000,3356000,67.5,5362878,3622000,60.8,5179099,3146000,94.0,98.6,92.7,81.9,15.4,2.7,5511000,4313000,4073000,493393400,92975100,16349500,602718000,1
2025-03-06,Property_BAL_001,Bali,2025,3,Thursday,180,122,180,67.9,5412000,3674000,69.8,5965175,4166000,69.1,4926311,3405000,97.2,90.7,88.2,75.1,18.6,6.3,5738000,4491000,4241000,495995100,122589900,41679000,660264000,1
2025-03-07,Property_BAL_001,Bali,2025,3,Friday,180,142,180,79.0,5616000,4438000,84.4,6264115,5289000,76.0,4894788,3719000,93.6,89.7,83.9,70.4,12.2,17.4,6050000,4735000,4472000,561748700,96972100,138751200,797472000,1
2025-03-08,Property_BAL_001,Bali,2025,3,Saturday,180,161,180,89.7,6607000,5923000,95.4,7406259,7067000,91.2,6027883,5496000,93.9,89.2,83.8,81.0,18.7,0.3,6893000,5395000,5095000,861310500,199443200,2973400,1063727000,1
2025-03-09,Property_BAL_001,Bali,2025,3,Sunday,180,146,180,81.3,5970000,4853000,85.7,6328689,5424000,74.9,5403391,4047000,94.8,94.3,89.5,81.5,14.7,3.9,6232000,4877000,4606000,710097900,127737100,33785000,871620000,1
2025-03-10,Property_BAL_001,Bali,2025,3,Monday,180,123,180,68.2,4795000,3269000,70.3,5278611,3710000,61.9,4860818,3009000,97.0,90.8,88.1,72.3,13.4,14.3,5136000,4019000,3796000,426453200,78887000,84444800,589785000,1
2025-03-11,Property_BAL_001,Bali,2025,3,Tuesday,180,135,180,74.7,5058000,3780000,78.4,5645492,4424000,71.8,4808304,3451000,95.4,89.6,85.4,76.4,17.4,6.2,5347000,4184000,3952000,521351800,118997100,42481100,682830000,1
2025-03-12,Property_BAL_001,Bali,2025,3,Wednesday,180,122,180,67.9,5199000,3528000,70.7,5679010,4012000,67.6,5106709,3451000,96.0,91.5,87.9,83.3,14.2,2.5,5400000,4226000,3992000,528662800,89756800,15858400,634278000,1
2025-03-13,Property_BAL_001,Bali,2025,3,Thursday,180,131,180,72.9,5469000,3987000,78.2,5906760,4617000,69.5,5381479,3739000,93.3,92.6,86.4,75.2,14.4,10.5,5809000,4546000,4293000,538664600,102830000,74944500,716439000,1
2025-03-14,Property_BAL_001,Bali,2025,3,Friday,180,122,180,67.6,5870000,3966000,72.5,6529942,4735000,62.4,5725905,3576000,93.2,89.9,83.8,69.0,15.7,15.4,6340000,4961000,4686000,493827400,112240100,110072500,716140000,1
2025-03-15,Property_BAL_001,Bali,2025,3,Saturday,180,154,180,85.4,6613000,5644000,92.4,6910425,6383000,79.1,6790086,5373000,92.4,95.7,88.4,83.5,20.7,-4.2,6846000,5357000,5060000,850810900,210351700,-42760700,1018402000,1
2025-03-16,Property_BAL_001,Bali,2025,3,Sunday,180,134,180,74.4,6244000,4646000,78.0,6867970,5357000,67.5,5674009,3832000,95.4,90.9,86.7,80.9,16.5,2.7,6523000,5105000,4822000,676478800,137862900,22354400,836696000,1
2025-03-17,Property_BAL_001,Bali,2025,3,Monday,180,118,180,65.7,4940000,3245000,69.6,5226406,3639000,58.4,4494087,2626000,94.3,94.5,89.2,62.6,19.9,17.5,5422000,4244000,4008000,364970900,115926600,102022500,582920000,1
2025-03-18,Property_BAL_001,Bali,2025,3,Tuesday,180,115,180,63.7,5286000,3368000,68.8,5889929,4055000,59.6,5474784,3262000,92.5,89.7,83.1,70.7,16.5,12.9,5680000,4445000,4198000,429541100,100097800,78251200,607890000,1
2025-03-19,Property_BAL_001,Bali,2025,3,Wednesday,180,123,180,68.5,5168000,3542000,73.5,5559456,4087000,63.0,5126630,3228000,93.2,93.0,86.7,73.7,14.9,11.4,5511000,4313000,4073000,468433300,94554700,72676000,635664000,1
2025-03-20,Property_BAL_001,Bali,2025,3,Thursday,180,114,180,63.3,5374000,3402000,67.9,6148729,4175000,56.5,5044420,2849000,93.2,87.4,81.5,79.3,13.4,7.3,5646000,4418000,4173000,485767800,82256200,44612100,612636000,1
2025-03-21,Property_BAL_001,Bali,2025,3,Friday,180,141,180,78.2,5699000,4457000,83.8,6142728,5146000,69.7,5216644,3635000,93.4,92.8,86.6,72.7,20.4,6.9,6079000,4757000,4493000,583894700,164112600,55551600,803559000,1
2025-03-22,Property_BAL_001,Bali,2025,3,Saturday,180,155,180,86.0,6557000,5642000,91.7,7202255,6605000,81.9,6332371,5185000,93.8,91.0,85.4,85.4,16.5,-1.9,6766000,5295000,5001000,867993300,168069700,-19728000,1016335000,1
2025-03-23,Property_BAL_001,Bali,2025,3,Sunday,180,139,180,77.0,6124000,4718000,78.6,7047526,5541000,75.1,5624872,4223000,98.0,86.9,85.1,80.2,15.1,4.7,6413000,5019000,4740000,682800100,128472100,39963800,851236000,1
2025-03-24,Property_BAL_001,Bali,2025,3,Monday,180,136,180,75.4,4835000,3646000,80.1,5254408,4209000,73.4,4616455,3387000,94.1,92.0,86.6,73.3,12.5,14.2,5167000,4044000,3819000,482050200,81882600,93627200,657560000,1
2025-03-25,Property_BAL_001,Bali,2025,3,Tuesday,180,113,180,62.8,4941000,3104000,68.4,5127854,3507000,57.0,4606817,2628000,91.9,96.4,88.5,64.5,14.0,21.6,5410000,4234000,3999000,359849800,78141700,120341600,558333000,1
2025-03-26,Property_BAL_001,Bali,2025,3,Wednesday,180,120,180,66.8,5118000,3420000,70.0,5613922,3929000,64.9,4725884,3067000,95.5,91.2,87.0,72.7,18.0,9.3,5464000,4276000,4039000,446557000,110306200,57296700,614160000,1
2025-03-27,Property_BAL_001,Bali,2025,3,Thursday,180,138,180,76.5,5385000,4118000,81.6,5863090,4787000,71.6,5239317,3751000,93.7,91.8,86.0,79.7,15.2,5.1,5647000,4419000,4174000,592186500,113026300,37917200,743130000,1
2025-03-28,Property_BAL_001,Bali,2025,3,Friday,180,154,180,85.5,5591000,4783000,89.5,6078378,5440000,81.8,5807979,4752000,95.6,92.0,87.9,78.2,10.0,11.8,5900000,4618000,4361000,673492400,86116400,101405200,861014000,1
2025-03-29,Property_BAL_001,Bali,2025,3,Saturday,180,135,180,74.9,6219000,4656000,79.8,7075504,5644000,70.7,6294879,4453000,93.9,87.9,82.5,63.9,13.0,23.2,6824000,5340000,5044000,536064400,108885100,194615600,839565000,1
2025-03-30,Property_BAL_001,Bali,2025,3,Sunday,180,135,180,74.9,6256000,4685000,77.2,7062124,5449000,69.9,6379611,4460000,97.1,88.6,86.0,78.5,13.3,8.2,6587000,5155000,4869000,663005100,111980300,69574600,844560000,1
2025-03-31,Property_BAL_001,Bali,2025,3,Monday,180,124,180,68.7,5036000,3461000,72.3,5548532,4010000,62.1,4530024,2812000,95.1,90.8,86.3,72.1,16.1,11.8,5390000,4218000,3984000,450355400,100385100,73723500,624464000,1
2025-04-01,Property_BAL_001,Bali,2025,4,Tuesday,180,119,180,65.9,5280000,3478000,69.5,5964716,4144000,62.4,4798265,2994000,94.8,88.5,83.9,82.5,17.9,-0.4,5488000,4295000,4056000,518093600,112523800,-2297300,628320000,2
2025-04-02,Property_BAL_001,Bali,2025,4,Wednesday,180,117,180,64.9,5191000,3371000,68.3,5787313,3954000,54.8,4718670,2588000,95.1,89.7,85.3,86.1,19.0,-5.1,5341000,4180000,3947000,522854300,115170300,-30677600,607347000,2
2025-04-03,Property_BAL_001,Bali,2025,4,Thursday,180,126,180,70.0,5048000,3536000,76.8,5682613,4366000,65.3,4743934,3097000,91.2,88.8,81.0,80.9,14.0,5.1,5279000,4132000,3902000,514407400,89055500,32585100,636048000,2
2025-04-04,Property_BAL_001,Bali,2025,4,Friday,180,145,180,80.7,6194000,4997000,84.0,6599201,5545000,72.0,6083053,4379000,96.0,93.9,90.1,81.2,22.9,-4.1,6446000,5045000,4764000,729080600,205940100,-36890800,898130000,2
2025-04-05,Property_BAL_001,Bali,2025,4,Saturday,180,156,180,86.8,6461000,5611000,89.4,6926778,6193000,84.5,6051457,5113000,97.1,93.3,90.6,76.1,14.4,9.6,6846000,5358000,5060000,766556600,145061200,96298100,1007916000,2
2025-04-06,Property_BAL_001,Bali,2025,4,Sunday,180,131,180,72.9,5835000,4254000,77.8,6259702,4867000,70.8,5435630,3849000,93.8,93.2,87.4,70.2,19.1,10.7,6270000,4907000,4634000,536680500,145799900,81904500,764385000,2
2025-04-07,Property_BAL_001,Bali,2025,4,Monday,180,124,180,68.9,5146000,3546000,72.2,5292122,3820000,65.8,4958759,3261000,95.5,97.2,92.8,83.5,14.5,2.1,5343000,4182000,3950000,532508700,92506000,13089200,638104000,2
2025-04-08,Property_BAL_001,Bali,2025,4,Tuesday,180,114,180,63.4,5262000,3336000,65.3,5851441,3823000,58.1,4963176,2885000,97.0,89.9,87.3,78.3,14.1,7.6,5541000,4337000,4096000,469906300,84544700,45416900,599868000,2
2025-04-09,Property_BAL_001,Bali,2025,4,Wednesday,180,123,180,68.4,5091000,3483000,73.2,5564979,4071000,61.6,5018917,3092000,93.5,91.5,85.6,73.1,11.8,15.1,5445000,4261000,4024000,457730700,73804800,94657600,626193000,2
2025-04-10,Property_BAL_001,Bali,2025,4,Thursday,180,121,180,67.1,5270000,3537000,70.5,5310268,3743000,64.2,4836397,3104000,95.2,99.2,94.5,87.9,13.5,-1.4,5409000,4233000,3998000,560754900,85940200,-9025100,637670000,2
2025-04-11,Property_BAL_001,Bali,2025,4,Friday,180,127,180,70.5,5495000,3873000,76.8,5757240,4421000,61.9,5349191,3313000,91.8,95.4,87.6,65.3,18.0,16.6,5990000,4688000,4428000,455974000,125704700,116186300,697865000,2
2025-04-12,Property_BAL_001,Bali,2025,4,Saturday,180,153,180,84.8,6425000,5451000,86.4,7157161,6186000,82.7,6067838,5019000,98.2,89.8,88.1,81.9,8.7,9.4,6717000,5257000,4965000,805067200,85549100,92408700,983025000,2
2025-04-13,Property_BAL_001,Bali,2025,4,Sunday,180,144,180,79.9,6009000,4799000,83.1,6543038,5438000,76.9,5671241,4361000,96.1,91.8,88.2,82.5,19.5,-2.1,6241000,4884000,4613000,713991000,169129200,-17824200,865296000,2
2025-04-14,Property_BAL_001,Bali,2025,4,Monday,180,120,180,66.5,4697000,3124000,71.6,5334566,3821000,55.1,4611106,2539000,92.8,88.0,81.8,61.8,20.1,18.1,5167000,4044000,3819000,348414000,113149900,102076100,563640000,2
2025-04-15,Property_BAL_001,Bali,2025,4,Tuesday,180,119,180,66.2,4899000,3243000,69.5,5064599,3520000,61.0,4802697,2931000,95.2,96.7,92.1,66.4,17.0,16.6,5326000,4168000,3937000,387333200,99086000,96561800,582981000,2
2025-04-16,Property_BAL_001,Bali,2025,4,Wednesday,180,127,180,70.7,4895000,3460000,75.4,5260672,3969000,67.0,4917487,3293000,93.7,93.0,87.2,81.1,10.3,8.6,5125000,4011000,3788000,504122800,64110300,53431900,621665000,2
2025-04-17,Property_BAL_001,Bali,2025,4,Thursday,180,126,180,69.9,5432000,3798000,72.9,6253340,4560000,71.3,5188290,3701000,95.9,86.9,83.3,67.6,12.3,20.1,5898000,4616000,4359000,462935500,84050800,137445600,684432000,2
2025-04-18,Property_BAL_001,Bali,2025,4,Friday,180,136,180,75.6,5422000,4097000,80.0,6153462,4921000,69.2,5139859,3556000,94.5,88.1,83.3,73.2,12.2,14.6,5796000,4536000,4284000,539852700,90195900,107343500,737392000,2
2025-04-19,Property_BAL_001,Bali,2025,4,Saturday,180,151,180,84.1,6055000,5094000,88.8,6546770,5814000,80.8,5804075,4688000,94.7,92.5,87.6,64.8,16.5,18.7,6615000,5177000,4889000,592407100,150826000,171071900,914305000,2
2025-04-20,Property_BAL_001,Bali,2025,4,Sunday,180,153,180,85.0,6110000,5191000,90.4,6938226,6272000,81.3,6264266,5093000,94.0,88.1,82.8,76.9,15.9,7.3,6455000,5052000,4771000,718789200,148263400,67777400,934830000,2
2025-04-21,Property_BAL_001,Bali,2025,4,Monday,180,130,180,72.1,4973000,3584000,76.3,5462544,4169000,66.8,4830530,3225000,94.4,91.0,86.0,78.6,7.6,13.7,5248000,4107000,3879000,508410400,49342200,88737400,646490000,2
2025-04-22,Property_BAL_001,Bali,2025,4,Tuesday,180,117,180,65.0,4827000,3137000,67.7,5300351,3587000,61.6,4727666,2911000,96.0,91.1,87.5,71.4,20.1,8.5,5167000,4043000,3819000,403513200,113500100,47745700,564759000,2
2025-04-23,Property_BAL_001,Bali,2025,4,Wednesday,180,124,180,68.7,5036000,3459000,71.4,5729372,4090000,65.3,4832781,3158000,96.2,87.9,84.6,68.8,8.6,22.6,5459000,4272000,4035000,429859100,53674400,140930500,624464000,2
2025-04-24,Property_BAL_001,Bali,2025,4,Thursday,180,133,180,73.9,5012000,3706000,77.2,5612226,4334000,63.9,4429706,2832000,95.7,89.3,85.5,72.6,9.5,17.9,5374000,4205000,3972000,484046700,63072800,119476400,666596000,2
2025-04-25,Property_BAL_001,Bali,2025,4,Friday,180,141,180,78.3,5646000,4422000,87.0,6115539,5320000,72.9,5195170,3787000,90.0,92.3,83.1,74.9,16.2,8.9,5997000,4693000,4433000,596198300,128752100,71135600,796086000,2
2025-04-26,Property_BAL_001,Bali,2025,4,Saturday,180,160,180,88.8,5956000,5290000,93.7,6571857,6158000,85.6,5719710,4895000,94.8,90.6,85.9,75.7,17.5,6.8,6307000,4936000,4662000,721804700,166385300,64770000,952960000,2
2025-04-27,Property_BAL_001,Bali,2025,4,Sunday,180,157,180,87.1,6179000,5384000,90.0,6535818,5884000,78.3,6141298,4806000,96.8,94.5,91.5,78.3,11.8,10.0,6515000,5099000,4816000,759149700,114124300,96829000,970103000,2
2025-04-28,Property_BAL_001,Bali,2025,4,Monday,180,122,180,67.8,4802000,3257000,72.2,5080640,3670000,65.4,4462687,2917000,93.9,94.5,88.7,67.3,13.7,19.0,5216000,4082000,3855000,394224000,80119500,111500500,585844000,2
2025-04-29,Property_BAL_001,Bali,2025,4,Tuesday,180,119,180,66.1,4899000,3237000,69.0,5295885,3656000,62.1,4366212,2712000,95.7,92.5,88.5,73.1,16.0,11.0,5230000,4093000,3866000,425880900,92990900,64109200,582981000,2
2025-04-30,Property_BAL_001,Bali,2025,4,Wednesday,180,106,180,59.2,5055000,2991000,64.2,5321122,3417000,58.8,4816509,2833000,92.1,95.0,87.5,72.2,16.6,11.2,5408000,4232000,3997000,387002200,88683700,60144100,535830000,2
2025-05-01,Property_BAL_001,Bali,2025,5,Thursday,180,130,180,72.1,5159000,3720000,75.3,5442971,4097000,63.6,5001119,3180000,95.8,94.8,90.8,77.5,13.0,9.5,5448000,4263000,4026000,519843600,87276900,63549400,670670000,2
2025-05-02,Property_BAL_001,Bali,2025,5,Friday,180,133,180,73.7,5437000,4005000,77.1,6114289,4713000,67.8,5258508,3566000,95.6,88.9,85.0,78.4,17.6,4.0,5715000,4472000,4224000,567178700,127297200,28645100,723121000,2
2025-05-03,Property_BAL_001,Bali,2025,5,Saturday,180,142,180,78.7,6162000,4850000,84.7,6624943,5608000,73.6,5745721,4228000,93.0,93.0,86.5,68.5,16.3,15.1,6661000,5213000,4923000,599781100,143031100,132191800,875004000,2
2025-05-04,Property_BAL_001,Bali,2025,5,Sunday,180,142,180,78.6,5735000,4509000,83.6,6199236,5180000,76.8,5523820,4244000,94.1,92.5,87.0,66.5,11.6,21.9,6250000,4891000,4619000,541420900,94224500,178724600,814370000,2
2025-05-05,Property_BAL_001,Bali,2025,5,Monday,180,80,180,44.5,4894000,2178000,45.9,5303267,2435000,41.3,5086676,2101000,96.9,92.3,89.4,79.2,7.9,12.9,5156000,4035000,3811000,310160300,30949300,50410500,391520000,2
2025-05-06,Property_BAL_001,Bali,2025,5,Tuesday,180,123,180,68.3,4900000,3347000,71.8,5498506,3947000,61.2,4783195,2926000,95.2,89.1,84.8,77.4,15.7,6.9,5169000,4046000,3821000,466489700,94403500,41806800,602700000,2
2025-05-07,Property_BAL_001,Bali,2025,5,Wednesday,180,117,180,65.1,4927000,3207000,67.0,5281612,3536000,63.3,4812525,3048000,97.2,93.3,90.7,65.7,15.8,18.5,5370000,4203000,3969000,378817600,91171500,106469900,576459000,2
2025-05-08,Property_BAL_001,Bali,2025,5,Thursday,180,116,180,64.5,5262000,3396000,68.4,5794834,3961000,60.4,4740250,2862000,94.4,90.8,85.7,76.1,11.2,12.7,5583000,4369000,4127000,464397400,68214100,77780500,610392000,2
2025-05-09,Property_BAL_001,Bali,2025,5,Friday,180,154,180,85.8,5492000,4711000,92.3,5770190,5328000,81.2,5540468,4497000,92.9,95.2,88.4,80.6,17.0,2.4,5740000,4492000,4242000,681713200,143889900,20164900,845768000,2
2025-05-10,Property_BAL_001,Bali,2025,5,Saturday,180,141,180,78.2,5744000,4491000,83.5,6454076,5388000,73.1,5573255,4073000,93.7,89.0,83.4,62.6,14.2,23.3,6322000,4948000,4673000,506734200,114846600,188323300,809904000,2
2025-05-11,Property_BAL_001,Bali,2025,5,Sunday,180,130,180,72.2,6031000,4353000,76.9,6645235,5113000,65.5,5651282,3703000,93.8,90.8,85.1,75.7,15.0,9.3,6395000,5005000,4727000,593399800,117661100,72969200,784030000,2
2025-05-12,Property_BAL_001,Bali,2025,5,Monday,180,100,180,55.7,4699000,2617000,59.6,5029837,2998000,50.1,4319629,2163000,93.4,93.4,87.3,73.9,8.9,17.2,5021000,3929000,3711000,347459100,41649600,80791300,469900000,2
2025-05-13,Property_BAL_001,Bali,2025,5,Tuesday,180,135,180,75.0,4925000,3691000,81.0,5540907,4487000,67.5,4426992,2986000,92.6,88.9,82.3,72.3,13.6,14.1,5275000,4128000,3899000,480491500,90320400,94063100,664875000,2
2025-05-14,Property_BAL_001,Bali,2025,5,Wednesday,180,111,180,61.4,4558000,2798000,64.5,4935593,3186000,58.4,4432871,2587000,95.1,92.3,87.8,68.4,20.3,11.3,4921000,3851000,3637000,345853000,102897800,57187200,505938000,2
2025-05-15,Property_BAL_001,Bali,2025,5,Thursday,180,116,180,64.3,4979000,3202000,69.0,5331241,3681000,59.0,4927135,2906000,93.1,93.4,87.0,70.0,17.7,12.2,5357000,4192000,3959000,404473400,102475000,70615600,577564000,2
2025-05-16,Property_BAL_001,Bali,2025,5,Friday,180,139,180,77.0,5827000,4488000,82.6,6434052,5313000,74.0,5281246,3910000,93.3,90.6,84.5,69.9,13.5,16.7,6285000,4919000,4645000,565781300,109026400,135145300,809953000,2
2025-05-17,Property_BAL_001,Bali,2025,5,Saturday,180,149,180,82.6,6112000,5049000,88.2,6604969,5825000,77.8,5492295,4275000,93.7,92.5,86.7,75.7,14.9,9.4,6481000,5072000,4790000,689332400,135518900,85836800,910688000,2
2025-05-18,Property_BAL_001,Bali,2025,5,Sunday,180,143,180,79.2,5806000,4599000,87.0,6091509,5298000,71.0,6070960,4307000,91.1,95.3,86.8,73.1,20.6,6.4,6185000,4841000,4572000,606757200,170728700,52772100,830258000,2
2025-05-19,Property_BAL_001,Bali,2025,5,Monday,180,105,180,58.1,4879000,2836000,62.2,5157908,3211000,54.3,4601990,2500000,93.4,94.6,88.3,75.3,14.0,10.7,5182000,4055000,3830000,385634000,71873300,54787700,512295000,2
2025-05-20,Property_BAL_001,Bali,2025,5,Tuesday,180,127,180,70.4,4956000,3488000,74.1,5369862,3979000,65.8,4564895,3003000,95.0,92.3,87.7,76.5,10.5,12.9,5253000,4111000,3883000,481725900,66233000,81453100,629412000,2
2025-05-21,Property_BAL_001,Bali,2025,5,Wednesday,180,130,180,72.2,4910000,3544000,77.9,5406390,4210000,64.6,4703413,3040000,92.7,90.8,84.2,72.3,13.9,13.7,5258000,4115000,3886000,461742500,88844500,87713000,638300000,2
2025-05-22,Property_BAL_001,Bali,2025,5,Thursday,180,127,180,70.7,5494000,3883000,76.4,6221520,4755000,67.1,5540130,3715000,92.5,88.3,81.7,80.8,10.0,9.2,5757000,4505000,4255000,563932300,69543100,64262600,697738000,2
2025-05-23,Property_BAL_001,Bali,2025,5,Friday,180,140,180,77.5,5562000,4312000,84.2,5972678,5030000,72.3,5366067,3879000,92.1,93.1,85.7,70.7,18.2,11.1,5972000,4673000,4414000,550471300,141590900,86617700,778680000,2
2025-05-24,Property_BAL_001,Bali,2025,5,Saturday,180,130,180,72.4,6165000,4464000,76.8,6623510,5088000,65.6,5846091,3838000,94.3,93.1,87.7,68.8,15.9,15.3,6661000,5213000,4924000,551576600,127492500,122380900,801450000,2
2025-05-25,Property_BAL_001,Bali,2025,5,Sunday,180,133,180,74.1,5749000,4260000,79.5,6141826,4884000,69.8,5554613,3879000,93.2,93.6,87.2,79.1,17.2,3.7,6032000,4721000,4459000,605038100,131445000,28134000,764617000,2
2025-05-26,Property_BAL_001,Bali,2025,5,Monday,180,104,180,57.8,4568000,2641000,60.6,5226001,3168000,59.0,4803520,2835000,95.4,87.4,83.4,76.9,18.4,4.7,4820000,3772000,3562000,365199100,87570400,22302500,475072000,2
2025-05-27,Property_BAL_001,Bali,2025,5,Tuesday,180,94,180,52.4,4694000,2460000,55.3,5299614,2933000,51.1,4559611,2329000,94.7,88.6,83.9,73.8,7.9,18.3,5019000,3928000,3709000,325818000,34732100,80686000,441236000,2
2025-05-28,Property_BAL_001,Bali,2025,5,Wednesday,180,118,180,65.4,4832000,3160000,69.8,5116904,3573000,63.2,4741620,2995000,93.6,94.4,88.4,69.7,11.2,19.2,5220000,4085000,3858000,397189900,63613900,109372200,570176000,2
2025-05-29,Property_BAL_001,Bali,2025,5,Thursday,180,128,180,70.9,4933000,3500000,77.5,5451132,4222000,65.3,4733162,3091000,91.6,90.5,82.9,68.6,11.9,19.6,5344000,4182000,3950000,433005300,74904000,123514600,631424000,2
2025-05-30,Property_BAL_001,Bali,2025,5,Friday,180,125,180,69.7,5689000,3964000,75.0,6304057,4731000,69.7,5307332,3701000,92.9,90.2,83.8,75.4,12.1,12.5,6045000,4731000,4468000,536048200,85949700,89127200,711125000,2
2025-05-31,Property_BAL_001,Bali,2025,5,Saturday,180,137,180,75.9,5909000,4487000,79.8,6351515,5070000,73.0,5744697,4192000,95.1,93.0,88.5,85.0,11.4,3.6,6117000,4788000,4522000,688472400,92256900,28803700,809533000,2
2025-06-01,Property_BAL_001,Bali,2025,6,Sunday,180,160,180,88.7,6303000,5591000,92.3,6724516,6206000,88.5,6111215,5407000,96.1,93.7,90.1,67.8,13.4,18.7,6836000,5350000,5053000,684174600,135429700,188875600,1008480000,2
2025-06-02,Property_BAL_001,Bali,2025,6,Monday,180,145,180,80.8,5882000,4752000,82.4,6286919,5181000,77.5,5836234,4525000,98.0,93.6,91.7,79.0,9.0,12.0,6198000,4851000,4581000,673552900,76806700,102530400,852890000,2
2025-06-03,Property_BAL_001,Bali,2025,6,Tuesday,180,129,180,71.8,5567000,3999000,77.9,5939258,4624000,70.4,5126741,3609000,92.3,93.7,86.5,70.9,13.8,15.3,5985000,4684000,4424000,509371900,98945800,109825400,718143000,2
2025-06-04,Property_BAL_001,Bali,2025,6,Wednesday,180,143,180,79.4,5686000,4516000,82.1,6118258,5023000,77.3,5470370,4227000,96.7,92.9,89.9,69.9,18.3,11.8,6117000,4788000,4522000,568471300,148588600,96038100,813098000,2
2025-06-05,Property_BAL_001,Bali,2025,6,Thursday,180,135,180,75.2,6123000,4603000,82.0,6785036,5564000,74.8,5897915,4409000,91.7,90.2,82.7,68.6,16.8,14.6,6617000,5179000,4891000,566702600,139144700,120757800,826605000,2
2025-06-06,Property_BAL_001,Bali,2025,6,Friday,180,158,180,87.9,6551000,5755000,90.1,7124251,6421000,85.5,6598702,5640000,97.5,92.0,89.6,79.6,20.9,-0.5,6854000,5364000,5066000,823829800,216439700,-5211600,1035058000,2
2025-06-07,Property_BAL_001,Bali,2025,6,Saturday,180,152,180,84.6,7039000,5956000,89.2,7606428,6783000,81.6,7456298,6087000,94.9,92.5,87.8,78.0,12.8,9.1,7423000,5809000,5486000,834824100,137323200,97780800,1069928000,2
2025-06-08,Property_BAL_001,Bali,2025,6,Sunday,180,161,180,89.3,6834000,6100000,93.1,7473703,6961000,85.5,6632289,5672000,95.8,91.4,87.6,75.7,14.1,10.1,7248000,5672000,5357000,833360500,155502500,111411000,1100274000,2
2025-06-09,Property_BAL_001,Bali,2025,6,Monday,180,119,180,66.0,5770000,3805000,69.0,6099610,4210000,59.1,5664276,3347000,95.5,94.6,90.4,77.7,16.7,5.5,6079000,4757000,4493000,533822200,114907500,37900300,686630000,2
2025-06-10,Property_BAL_001,Bali,2025,6,Tuesday,180,139,180,77.2,5336000,4120000,82.1,5854418,4804000,75.3,5597913,4216000,94.1,91.1,85.8,73.7,8.3,18.1,5707000,4467000,4219000,546372900,61354700,133976400,741704000,2
2025-06-11,Property_BAL_001,Bali,2025,6,Wednesday,180,132,180,73.4,5559000,4082000,78.2,6000515,4690000,67.7,5026322,3404000,94.0,92.6,87.0,66.8,14.8,18.4,6043000,4729000,4466000,490258000,108528000,135002000,733788000,2
2025-06-12,Property_BAL_001,Bali,2025,6,Thursday,180,150,180,83.3,5957000,4964000,87.2,6300424,5497000,79.5,5409017,4302000,95.5,94.5,90.3,80.9,16.8,2.2,6221000,4868000,4598000,723124700,150445400,19979900,893550000,2
2025-06-13,Property_BAL_001,Bali,2025,6,Friday,180,158,180,88.0,7000000,6160000,94.3,7666891,7232000,79.3,6236380,4946000,93.3,91.3,85.2,86.1,9.8,4.1,7232000,5659000,5345000,952177300,108049900,45772800,1106000000,2
2025-06-14,Property_BAL_001,Bali,2025,6,Saturday,180,166,180,92.3,6957000,6422000,93.3,7378434,6885000,86.3,7234975,6247000,98.9,94.3,93.3,79.6,21.0,-0.6,7277000,5695000,5379000,919504600,242805000,-7447600,1154862000,2
2025-06-15,Property_BAL_001,Bali,2025,6,Sunday,180,159,180,88.6,6757000,5984000,96.4,7405821,7137000,75.8,6259164,4744000,91.9,91.2,83.8,79.0,16.2,4.7,7095000,5552000,5244000,849163600,174265300,50934000,1074363000,2
2025-06-16,Property_BAL_001,Bali,2025,6,Monday,180,140,180,77.6,5511000,4278000,82.2,6224146,5114000,70.8,5804240,4110000,94.5,88.5,83.7,69.9,12.8,17.3,5946000,4653000,4395000,538926100,98872400,133741500,771540000,2
2025-06-17,Property_BAL_001,Bali,2025,6,Tuesday,180,132,180,73.4,5574000,4092000,78.5,6148205,4824000,66.8,5038083,3365000,93.6,90.7,84.8,71.0,15.4,13.7,5987000,4686000,4425000,522190400,112990400,100587200,735768000,2
2025-06-18,Property_BAL_001,Bali,2025,6,Wednesday,180,141,180,78.3,5561000,4355000,82.6,6040269,4987000,75.1,4581581,3440000,94.8,92.1,87.3,90.0,13.1,-3.1,5677000,4443000,4196000,705690900,102435400,-24025300,784101000,2
2025-06-19,Property_BAL_001,Bali,2025,6,Thursday,180,145,180,80.4,5731000,4606000,83.8,6199745,5197000,72.2,5365495,3872000,95.9,92.4,88.6,76.0,10.4,13.6,6084000,4761000,4497000,631530000,86432100,113033000,830995000,2
2025-06-20,Property_BAL_001,Bali,2025,6,Friday,180,165,180,91.7,6103000,5597000,96.9,6790116,6579000,84.0,5607080,4707000,94.7,89.9,85.1,67.8,7.7,24.5,6638000,5195000,4907000,683142800,77209500,246642600,1006995000,2
2025-06-21,Property_BAL_001,Bali,2025,6,Saturday,180,160,180,88.7,7102000,6296000,90.9,7657404,6961000,83.5,6514442,5437000,97.5,92.7,90.4,76.4,19.5,4.2,7501000,5870000,5544000,867664700,221261200,47394000,1136320000,2
2025-06-22,Property_BAL_001,Bali,2025,6,Sunday,180,164,180,90.9,6941000,6313000,94.4,7436031,7020000,87.3,7084016,6186000,96.3,93.3,89.9,72.3,9.4,18.4,7450000,5830000,5506000,822530700,106627900,209165400,1138324000,2
2025-06-23,Property_BAL_001,Bali,2025,6,Monday,180,137,180,76.2,5457000,4160000,77.0,6030163,4645000,76.3,5270551,4021000,99.0,90.5,89.6,66.0,14.3,19.6,5947000,4654000,4395000,493727400,107094000,146787600,747609000,2
2025-06-24,Property_BAL_001,Bali,2025,6,Tuesday,180,151,180,83.7,5664000,4739000,89.8,6234321,5595000,76.4,5380638,4112000,93.2,90.9,84.7,68.8,12.9,18.2,6128000,4796000,4529000,588535900,110735200,155992800,855264000,2
2025-06-25,Property_BAL_001,Bali,2025,6,Wednesday,180,148,180,82.4,5802000,4778000,85.0,6363168,5406000,79.8,5749451,4591000,96.9,91.2,88.4,74.5,17.2,8.3,6165000,4825000,4557000,640007300,147681100,71007600,858696000,2
2025-06-26,Property_BAL_001,Bali,2025,6,Thursday,180,130,180,72.4,5689000,4117000,77.0,6562284,5056000,65.6,5385825,3533000,93.9,86.7,81.4,71.2,26.7,2.1,6075000,4754000,4490000,526755800,197143000,15671200,739570000,2
2025-06-27,Property_BAL_001,Bali,2025,6,Friday,180,153,180,85.0,6730000,5717000,90.5,7543745,6828000,84.2,6564106,5530000,93.9,89.2,83.7,81.5,14.9,3.6,7024000,5497000,5192000,838824200,153717800,37148000,1029690000,2
2025-06-28,Property_BAL_001,Bali,2025,6,Saturday,180,175,180,96.9,7141000,6923000,102.8,8040043,8262000,97.0,6317088,6128000,94.3,88.8,83.8,76.8,15.9,7.4,7547000,5907000,5578000,959130500,198154000,92390500,1249675000,2
2025-06-29,Property_BAL_001,Bali,2025,6,Sunday,180,160,180,89.0,6871000,6116000,95.5,7466277,7133000,76.9,6264618,4815000,93.2,92.0,85.7,75.1,12.2,12.7,7308000,5719000,5402000,825181000,134619100,139559900,1099360000,2
2025-06-30,Property_BAL_001,Bali,2025,6,Monday,180,145,180,80.7,5761000,4652000,87.7,6245171,5478000,69.2,5654525,3916000,92.1,92.2,84.9,80.4,5.0,14.6,6058000,4741000,4478000,671441900,41767200,122135800,835345000,2
2025-07-01,Property_BAL_001,Bali,2025,7,Tuesday,180,142,180,78.6,6307000,4959000,82.5,6719616,5544000,76.9,5677078,4366000,95.3,93.9,89.4,82.6,18.7,-1.3,6550000,5126000,4841000,740189800,167466100,-12061900,895594000,3
2025-07-02,Property_BAL_001,Bali,2025,7,Wednesday,180,134,180,74.5,6072000,4523000,80.7,6584802,5313000,65.5,6084127,3987000,92.3,92.2,85.1,69.6,10.6,19.8,6562000,5135000,4850000,566600900,86115700,160931400,813648000,3
2025-07-03,Property_BAL_001,Bali,2025,7,Thursday,180,151,180,83.9,6750000,5660000,91.6,7252233,6644000,74.4,6693103,4977000,91.5,93.1,85.2,85.1,12.4,2.5,6983000,5465000,5162000,867526600,126540200,25183200,1019250000,3
2025-07-04,Property_BAL_001,Bali,2025,7,Friday,180,166,180,92.1,7430000,6842000,98.6,7927415,7815000,86.7,6630640,5751000,93.4,93.7,87.5,79.8,15.0,5.2,7790000,6097000,5758000,984168300,185309500,63902200,1233380000,3
2025-07-05,Property_BAL_001,Bali,2025,7,Saturday,180,180,180,100.0,7845000,7845000,106.1,8761671,9294000,96.4,7469848,7198000,94.3,89.5,84.4,79.1,14.0,6.9,8244000,6452000,6094000,1117187800,197003000,97909200,1412100000,3
2025-07-06,Property_BAL_001,Bali,2025,7,Sunday,180,175,180,97.1,7516000,7295000,102.6,8306366,8522000,89.8,7068644,6348000,94.6,90.5,85.6,79.6,16.6,3.8,7879000,6166000,5824000,1046742200,218378600,50179200,1315300000,3
2025-07-07,Property_BAL_001,Bali,2025,7,Monday,180,141,180,78.1,6470000,5055000,83.0,7128300,5917000,73.9,6596049,4873000,94.1,90.8,85.4,86.8,18.8,-5.6,6645000,5200000,4912000,791964800,171132200,-50827000,912270000,3
2025-07-08,Property_BAL_001,Bali,2025,7,Tuesday,180,157,180,87.1,6228000,5428000,92.6,6847191,6340000,81.6,5981753,4881000,94.1,91.0,85.6,77.1,14.8,8.2,6579000,5149000,4863000,753623800,144241000,79931200,977796000,3
2025-07-09,Property_BAL_001,Bali,2025,7,Wednesday,180,139,180,76.9,5827000,4484000,80.2,6320966,5070000,72.6,5514877,4006000,95.9,92.2,88.4,71.5,12.0,16.5,6260000,4899000,4627000,578953000,97156500,133843400,809953000,3
2025-07-10,Property_BAL_001,Bali,2025,7,Thursday,180,165,180,91.7,6322000,5796000,100.7,6705613,6751000,93.1,5764015,5367000,91.1,94.3,85.9,60.9,21.3,17.8,6969000,5454000,5151000,634909200,222169400,186051400,1043130000,3
2025-07-11,Property_BAL_001,Bali,2025,7,Friday,180,171,180,94.9,7215000,6851000,100.4,8018868,8047000,89.6,6737938,6039000,94.6,90.0,85.1,76.4,9.9,13.7,7652000,5989000,5656000,942996500,122200100,168568300,1233765000,3
2025-07-12,Property_BAL_001,Bali,2025,7,Saturday,180,180,180,100.0,7918000,7918000,108.4,8234233,8930000,98.5,8417001,8293000,92.2,96.2,88.7,71.6,18.2,10.2,8479000,6636000,6267000,1020459300,260015900,144764800,1425240000,3
2025-07-13,Property_BAL_001,Bali,2025,7,Sunday,180,180,180,100.0,7422000,7422000,106.4,7797360,8294000,94.6,7309969,6912000,94.0,95.2,89.5,76.5,17.4,6.1,7843000,6138000,5797000,1022170000,232408100,81381900,1335960000,3
2025-07-14,Property_BAL_001,Bali,2025,7,Monday,180,141,180,78.1,6115000,4774000,85.7,6637772,5689000,74.0,5849911,4329000,91.1,92.1,83.9,78.1,19.3,2.6,6429000,5031000,4752000,673363900,166077300,22773900,862215000,3
2025-07-15,Property_BAL_001,Bali,2025,7,Tuesday,180,143,180,79.3,5878000,4661000,83.3,6054039,5046000,72.5,5358347,3883000,95.1,97.1,92.4,70.1,21.5,8.4,6312000,4940000,4666000,588975500,180669700,70908900,840554000,3
2025-07-16,Property_BAL_001,Bali,2025,7,Wednesday,180,155,180,86.4,6465000,5584000,92.9,7005075,6508000,81.7,5713448,4667000,93.0,92.3,85.8,78.7,12.3,9.0,6807000,5327000,5031000,788678800,123318800,90077400,1002075000,3
2025-07-17,Property_BAL_001,Bali,2025,7,Thursday,180,161,180,89.7,6946000,6232000,96.0,7156226,6870000,83.0,6710701,5573000,93.5,97.1,90.7,74.2,11.6,14.2,7408000,5797000,5475000,829753100,129256600,159296300,1118306000,3
2025-07-18,Property_BAL_001,Bali,2025,7,Friday,180,173,180,96.1,6856000,6589000,100.1,7605867,7610000,86.4,6766258,5848000,96.1,90.1,86.6,75.5,12.1,12.4,7283000,5700000,5383000,895782800,143240900,147064300,1186088000,3
2025-07-19,Property_BAL_001,Bali,2025,7,Saturday,180,179,180,99.6,7565000,7537000,106.3,8117543,8626000,94.2,7480028,7048000,93.8,93.2,87.4,66.8,22.1,11.2,8197000,6415000,6059000,904334900,298712700,151087300,1354135000,3
2025-07-20,Property_BAL_001,Bali,2025,7,Sunday,180,177,180,98.3,7541000,7415000,108.8,8434583,9181000,88.8,7277060,6462000,90.3,89.4,80.8,80.8,18.2,1.1,7874000,6162000,5820000,1077998900,242471800,14286300,1334757000,3
2025-07-21,Property_BAL_001,Bali,2025,7,Monday,180,136,180,75.8,6038000,4576000,83.1,6686313,5555000,63.7,6163808,3926000,91.2,90.3,82.4,73.0,14.5,12.6,6452000,5050000,4769000,599363500,118729900,103074600,821168000,3
2025-07-22,Property_BAL_001,Bali,2025,7,Tuesday,180,154,180,85.5,6096000,5214000,89.9,6918694,6217000,79.5,5282265,4197000,95.2,88.1,83.9,81.5,13.6,4.9,6365000,4981000,4704000,765463600,127325900,45994400,938784000,3
2025-07-23,Property_BAL_001,Bali,2025,7,Wednesday,180,158,180,87.9,6145000,5403000,92.5,6890706,6371000,83.1,5668755,4710000,95.1,89.2,84.8,74.6,14.7,10.7,6536000,5115000,4831000,724494800,142584400,103830800,970910000,3
2025-07-24,Property_BAL_001,Bali,2025,7,Thursday,180,155,180,86.3,6635000,5724000,89.6,7127120,6385000,81.1,6305020,5113000,96.3,93.1,89.6,81.9,15.8,2.3,6914000,5411000,5110000,842588500,162230400,23606100,1028425000,3
2025-07-25,Property_BAL_001,Bali,2025,7,Friday,180,178,180,99.1,7276000,7214000,107.2,8017612,8594000,93.3,6980127,6509000,92.5,90.8,83.9,82.6,15.9,1.5,7567000,5922000,5593000,1070223500,205531900,19372600,1295128000,3
2025-07-26,Property_BAL_001,Bali,2025,7,Saturday,180,180,180,100.0,7537000,7537000,108.2,7932643,8584000,92.3,7622815,7037000,92.4,95.0,87.8,69.3,17.0,13.7,8128000,6361000,6008000,939804100,231007500,185848400,1356660000,3
2025-07-27,Property_BAL_001,Bali,2025,7,Sunday,180,180,180,100.0,7523000,7523000,103.0,8121245,8362000,100.5,6974075,7007000,97.1,92.6,90.0,76.9,14.8,8.3,7951000,6223000,5877000,1041240700,200528700,112370600,1354140000,3
2025-07-28,Property_BAL_001,Bali,2025,7,Monday,180,147,180,81.5,6004000,4893000,87.2,6579900,5737000,79.1,5448347,4312000,93.5,91.2,85.3,73.1,12.8,14.1,6419000,5023000,4744000,645085300,113267100,124235600,882588000,3
2025-07-29,Property_BAL_001,Bali,2025,7,Tuesday,180,152,180,84.2,5967000,5025000,90.8,6716410,6099000,75.8,5581868,4233000,92.7,88.8,82.4,73.0,14.1,12.9,6378000,4991000,4714000,661717000,127858500,117408500,906984000,3
2025-07-30,Property_BAL_001,Bali,2025,7,Wednesday,180,144,180,79.8,6433000,5133000,82.6,6820977,5631000,72.8,5903664,4298000,96.6,94.3,91.2,71.8,25.5,2.7,6862000,5370000,5072000,665198700,236493400,24659900,926352000,3
2025-07-31,Property_BAL_001,Bali,2025,7,Thursday,180,148,180,82.2,6660000,5471000,89.1,7449069,6637000,78.9,6424483,5072000,92.2,89.4,82.4,73.4,12.2,14.4,7116000,5569000,5260000,723416300,119906900,142356900,985680000,3
2025-08-01,Property_BAL_001,Bali,2025,8,Friday,180,178,180,99.2,6979000,6921000,103.1,7848495,8095000,100.8,6837080,6889000,96.1,88.9,85.5,72.0,11.2,16.8,7489000,5861000,5535000,894650000,138976400,208635600,1242262000,3
2025-08-02,Property_BAL_001,Bali,2025,8,Saturday,180,179,180,99.5,8263000,8223000,106.6,9024435,9621000,92.6,8330017,7712000,93.3,91.6,85.5,81.6,14.0,4.3,8623000,6749000,6374000,1207499900,207316400,64260700,1479077000,3
2025-08-03,Property_BAL_001,Bali,2025,8,Sunday,180,174,180,96.7,7522000,7276000,100.4,8044573,8079000,88.2,7123105,6283000,96.3,93.5,90.1,69.1,11.9,19.0,8136000,6367000,6013000,904211700,155814400,248801900,1308828000,3
2025-08-04,Property_BAL_001,Bali,2025,8,Monday,180,163,180,90.3,6180000,5581000,98.5,6983523,6880000,87.7,5955877,5223000,91.7,88.5,81.1,66.1,15.3,18.6,6731000,5268000,4975000,665607500,154614800,187117700,1007340000,3
2025-08-05,Property_BAL_001,Bali,2025,8,Tuesday,180,148,180,82.1,5964000,4897000,87.9,6298389,5533000,74.0,5725506,4239000,93.5,94.7,88.5,75.1,18.1,6.8,6325000,4950000,4675000,663195600,159368200,60108200,882672000,3
2025-08-06,Property_BAL_001,Bali,2025,8,Wednesday,180,153,180,84.9,6466000,5490000,88.1,7294776,6425000,74.5,6891890,5135000,96.4,88.6,85.4,74.4,9.4,16.2,6898000,5398000,5098000,736327100,92516200,160454800,989298000,3
2025-08-07,Property_BAL_001,Bali,2025,8,Thursday,180,142,180,79.0,6586000,5206000,84.1,7161716,6026000,72.5,6010856,4359000,93.9,92.0,86.4,72.5,15.6,11.9,7043000,5512000,5206000,678332100,145729100,111150800,935212000,3
2025-08-08,Property_BAL_001,Bali,2025,8,Friday,180,180,180,100.0,7326000,7326000,105.1,8164591,8583000,87.5,6588468,5765000,95.1,89.7,85.4,81.8,15.1,3.1,7639000,5979000,5647000,1078458200,199427000,40794800,1318680000,3
2025-08-09,Property_BAL_001,Bali,2025,8,Saturday,180,175,180,97.1,8553000,8305000,100.2,9370013,9391000,91.5,7008914,6416000,96.9,91.3,88.4,81.6,10.3,8.1,8942000,6998000,6610000,1221142500,154351400,121281100,1496775000,3
2025-08-10,Property_BAL_001,Bali,2025,8,Sunday,180,180,180,100.0,7817000,7817000,105.2,8687619,9142000,91.2,6953038,6344000,95.0,90.0,85.5,73.4,16.8,9.8,8335000,6523000,6161000,1032727100,236296800,138036100,1407060000,3
2025-08-11,Property_BAL_001,Bali,2025,8,Monday,180,160,180,89.1,5877000,5238000,95.0,6359044,6038000,83.4,6042616,5040000,93.9,92.4,86.8,67.2,9.2,23.6,6399000,5008000,4730000,632023200,86053900,222242900,940320000,3
2025-08-12,Property_BAL_001,Bali,2025,8,Tuesday,180,152,180,84.3,6243000,5261000,93.2,6534921,6090000,83.6,6198177,5179000,90.4,95.5,86.4,72.4,17.4,10.2,6673000,5222000,4932000,686739600,165555200,96641100,948936000,3
2025-08-13,Property_BAL_001,Bali,2025,8,Wednesday,180,135,180,74.8,6181000,4626000,77.5,6813702,5282000,67.0,6067598,4066000,96.5,90.7,87.6,72.1,21.5,6.4,6599000,5164000,4877000,601818300,179547700,53069000,834435000,3
2025-08-14,Property_BAL_001,Bali,2025,8,Thursday,180,163,180,90.4,6563000,5936000,93.9,7705232,7235000,83.3,5572771,4640000,96.3,85.2,82.0,73.9,13.1,13.0,7000000,5478000,5174000,790360100,139953400,139455500,1069769000,3
2025-08-15,Property_BAL_001,Bali,2025,8,Friday,180,180,180,100.0,7256000,7256000,106.8,7828493,8361000,92.9,6831186,6345000,93.6,92.7,86.8,69.9,9.9,20.1,7837000,6133000,5793000,913569100,129705400,262805500,1306080000,3
2025-08-16,Property_BAL_001,Bali,2025,8,Saturday,180,180,180,100.0,8092000,8092000,107.0,9034987,9667000,95.2,7913509,7530000,93.5,89.6,83.7,74.5,18.3,7.1,8595000,6726000,6353000,1085324200,267152500,104083200,1456560000,3
2025-08-17,Property_BAL_001,Bali,2025,8,Sunday,180,175,180,97.5,7503000,7315000,103.7,7761013,8048000,93.4,7161916,6693000,94.0,96.7,90.9,82.1,12.3,5.5,7826000,6125000,5785000,1078424700,162024900,72575400,1313025000,3
2025-08-18,Property_BAL_001,Bali,2025,8,Monday,180,150,180,83.1,6637000,5513000,90.3,7098904,6413000,78.7,6469222,5090000,91.9,93.5,86.0,81.8,12.3,5.9,6929000,5423000,5122000,814437900,122575400,58536700,995550000,3
2025-08-19,Property_BAL_001,Bali,2025,8,Tuesday,180,163,180,90.5,5987000,5417000,95.1,6606282,6286000,86.7,6152468,5335000,95.1,90.6,86.2,77.2,13.9,8.8,6324000,4949000,4674000,753789200,136132400,85959300,975881000,3
2025-08-20,Property_BAL_001,Bali,2025,8,Wednesday,180,163,180,90.6,6295000,5702000,97.7,7203467,7037000,89.5,6076491,5441000,92.7,87.4,81.0,82.2,13.9,4.0,6560000,5134000,4849000,843332600,142193200,40559200,1026085000,3
2025-08-21,Property_BAL_001,Bali,2025,8,Thursday,180,162,180,90.1,6366000,5733000,94.0,6711531,6311000,83.0,6102457,5064000,95.8,94.9,90.8,73.0,8.9,18.1,6820000,5338000,5041000,752939400,91636800,186715800,1031292000,3
2025-08-22,Property_BAL_001,Bali,2025,8,Friday,180,180,180,100.0,7286000,7286000,104.4,7991202,8345000,101.9,7116658,7249000,95.8,91.2,87.3,76.6,12.6,10.8,7714000,6037000,5701000,1005140400,165219900,141119700,1311480000,3
2025-08-23,Property_BAL_001,Bali,2025,8,Saturday,180,180,180,100.0,7956000,7956000,105.2,8274545,8707000,90.6,8216375,7444000,95.0,96.2,91.4,72.8,8.9,18.3,8527000,6674000,6303000,1042881700,127314100,261884200,1432080000,3
2025-08-24,Property_BAL_001,Bali,2025,8,Sunday,180,180,180,100.0,7532000,7532000,108.8,8265293,8993000,97.8,6584815,6440000,91.9,91.1,83.8,83.6,11.5,4.9,7828000,6126000,5786000,1133469700,155281200,67009100,1355760000,3
2025-08-25,Property_BAL_001,Bali,2025,8,Monday,180,159,180,88.3,6557000,5792000,93.8,7028940,6590000,85.8,6274998,5383000,94.2,93.3,87.9,79.1,15.0,6.0,6888000,5390000,5091000,824311000,156064400,62187600,1042563000,3
2025-08-26,Property_BAL_001,Bali,2025,8,Tuesday,180,138,180,76.7,6113000,4688000,83.0,6695782,5556000,70.5,6114484,4308000,92.4,91.3,84.4,69.8,11.3,18.9,6601000,5166000,4879000,588518900,95489700,159585400,843594000,3
2025-08-27,Property_BAL_001,Bali,2025,8,Wednesday,180,150,180,83.2,6369000,5298000,85.5,6779762,5800000,72.7,6031571,4387000,97.2,93.9,91.3,70.0,15.4,14.6,6860000,5369000,5071000,668794100,146946200,139609700,955350000,3
2025-08-28,Property_BAL_001,Bali,2025,8,Thursday,180,155,180,85.9,6947000,5971000,92.9,7553770,7020000,83.1,6295039,5234000,92.5,92.0,85.1,82.3,13.0,4.8,7241000,5667000,5352000,885855600,139747400,51182000,1076785000,3
2025-08-29,Property_BAL_001,Bali,2025,8,Friday,180,180,180,100.0,7034000,7031000,104.8,7796378,8174000,92.3,7200072,6644000,95.3,90.2,86.0,83.3,23.6,-6.9,7277000,5695000,5378000,1054270900,298738800,-86889700,1266120000,3
2025-08-30,Property_BAL_001,Bali,2025,8,Saturday,180,180,180,100.0,7823000,7823000,105.6,8396912,8870000,98.7,8337758,8229000,94.7,93.2,88.2,78.5,12.2,9.3,8241000,6449000,6091000,1105797500,171428300,130914200,1408140000,3
2025-08-31,Property_BAL_001,Bali,2025,8,Sunday,180,180,180,100.0,7091000,7091000,106.1,7888511,8369000,100.0,6878764,6877000,94.3,89.9,84.7,66.4,7.3,26.3,7745000,6061000,5725000,847680600,93266800,335432600,1276380000,3
2025-09-01,Property_BAL_001,Bali,2025,9,Monday,180,144,180,79.9,5961000,4765000,85.7,6370791,5463000,73.7,5282041,3895000,93.2,93.6,87.2,73.8,7.1,19.1,6376000,4990000,4713000,633839900,60829000,163715000,858384000,3
2025-09-02,Property_BAL_001,Bali,2025,9,Tuesday,180,130,180,71.9,5807000,4178000,75.5,6235863,4709000,64.8,4636144,3004000,95.3,93.1,88.7,61.3,10.6,28.2,6427000,5030000,4750000,462399300,79763900,212746800,754910000,3
2025-09-03,Property_BAL_001,Bali,2025,9,Wednesday,180,140,180,77.7,5861000,4556000,83.9,6413709,5382000,70.5,5511617,3886000,92.6,91.4,84.7,84.0,11.0,5.0,6085000,4762000,4498000,689662800,90250500,40626700,820540000,3
2025-09-04,Property_BAL_001,Bali,2025,9,Thursday,180,150,180,83.1,6296000,5231000,84.9,6832411,5803000,79.2,6390309,5060000,97.8,92.1,90.1,85.1,14.7,0.2,6508000,5094000,4811000,803392400,138903500,2104100,944400000,3
2025-09-05,Property_BAL_001,Bali,2025,9,Friday,180,161,180,89.5,6661000,5961000,94.6,7236172,6846000,85.6,6093718,5215000,94.6,92.1,87.1,61.5,10.5,28.0,7367000,5765000,5445000,659635700,112600100,300185300,1072421000,3
2025-09-06,Property_BAL_001,Bali,2025,9,Saturday,180,179,180,99.2,8058000,7994000,108.2,9008738,9751000,81.3,8371836,6804000,91.6,89.4,82.0,80.6,16.7,2.7,8423000,6592000,6226000,1162629800,241365500,38386700,1442382000,3
2025-09-07,Property_BAL_001,Bali,2025,9,Sunday,180,180,180,100.0,7722000,7722000,107.8,8729418,9407000,102.0,7496731,7645000,92.8,88.5,82.1,79.8,23.0,-2.8,8067000,6313000,5963000,1108751000,320047100,-38838100,1389960000,3
2025-09-08,Property_BAL_001,Bali,2025,9,Monday,180,147,180,81.7,5842000,4776000,84.6,6081919,5146000,74.4,5844260,4349000,96.6,96.1,92.8,65.6,13.8,20.7,6377000,4991000,4713000,563069100,118254500,177450400,858774000,3
2025-09-09,Property_BAL_001,Bali,2025,9,Tuesday,180,153,180,85.1,6142000,5226000,87.2,6610901,5767000,79.1,5743675,4543000,97.5,92.9,90.6,84.5,18.7,-3.1,6347000,4967000,4691000,793899700,175411800,-29585500,939726000,3
2025-09-10,Property_BAL_001,Bali,2025,9,Wednesday,180,151,180,84.1,5950000,5002000,85.9,6399306,5498000,79.2,6075785,4810000,97.9,93.0,91.0,75.3,16.8,7.9,6310000,4938000,4664000,676785900,150631200,71032800,898450000,3
2025-09-11,Property_BAL_001,Bali,2025,9,Thursday,180,154,180,85.5,6259000,5348000,92.2,6698223,6174000,78.4,6004915,4705000,92.7,93.4,86.6,71.6,17.1,11.4,6706000,5249000,4957000,690076400,164344200,109465400,963886000,3
2025-09-12,Property_BAL_001,Bali,2025,9,Friday,180,160,180,88.8,6914000,6142000,94.0,7580839,7125000,81.9,6520217,5338000,94.5,91.2,86.2,71.2,17.0,11.8,7417000,5805000,5482000,787190700,188415300,130634000,1106240000,3
2025-09-13,Property_BAL_001,Bali,2025,9,Saturday,180,180,180,100.0,7968000,7968000,104.0,8669772,9018000,87.7,7797517,6839000,96.1,91.9,88.4,75.6,15.8,8.6,8448000,6612000,6244000,1083942000,226728900,123569000,1434240000,3
2025-09-14,Property_BAL_001,Bali,2025,9,Sunday,180,171,180,94.7,7172000,6795000,99.4,7689394,7641000,94.5,6987165,6603000,95.3,93.3,88.9,68.3,13.9,17.8,7767000,6079000,5741000,837743900,170308900,218359200,1226412000,3
2025-09-15,Property_BAL_001,Bali,2025,9,Monday,180,158,180,88.0,5889000,5184000,92.1,6297991,5800000,80.8,5478390,4427000,95.6,93.5,89.4,71.6,14.0,14.4,6318000,4944000,4670000,666524300,130233700,133704000,930462000,3
2025-09-16,Property_BAL_001,Bali,2025,9,Tuesday,180,136,180,75.7,5953000,4504000,79.6,6451772,5137000,75.0,6100338,4573000,95.0,92.3,87.7,67.3,10.5,22.2,6476000,5068000,4786000,545045200,85034700,179528000,809608000,3
2025-09-17,Property_BAL_001,Bali,2025,9,Wednesday,180,136,180,75.5,6078000,4588000,79.7,6554546,5224000,68.5,5600978,3836000,94.7,92.7,87.8,73.3,12.5,14.2,6495000,5083000,4801000,605963600,103132100,117512300,826608000,3
2025-09-18,Property_BAL_001,Bali,2025,9,Thursday,180,160,180,89.0,6221000,5535000,94.0,6531369,6143000,83.6,5870035,4907000,94.6,95.2,90.1,76.9,9.7,13.3,6590000,5158000,4871000,765634400,96930600,132795000,995360000,3
2025-09-19,Property_BAL_001,Bali,2025,9,Friday,180,168,180,93.3,6783000,6328000,97.6,7514573,7331000,92.5,6607292,6114000,95.6,90.3,86.3,74.7,20.9,4.4,7192000,5628000,5316000,851233900,238014700,50295500,1139544000,3
2025-09-20,Property_BAL_001,Bali,2025,9,Saturday,180,180,180,100.0,7212000,7212000,107.3,8073921,8666000,88.6,6604148,5854000,93.2,89.3,83.2,79.1,17.4,3.4,7567000,5922000,5593000,1027263600,226385500,44511000,1298160000,3
2025-09-21,Property_BAL_001,Bali,2025,9,Sunday,180,170,180,94.2,7190000,6772000,101.5,8070340,8189000,85.4,6598729,5634000,92.8,89.1,82.7,69.9,12.1,18.0,7758000,6072000,5734000,854330300,147713000,220256700,1222300000,3
2025-09-22,Property_BAL_001,Bali,2025,9,Monday,180,144,180,80.2,6214000,4985000,85.0,6871053,5839000,74.3,6048957,4496000,94.4,90.4,85.4,82.9,17.6,-0.5,6453000,5050000,4770000,741757100,157371100,-4312200,894816000,3
2025-09-23,Property_BAL_001,Bali,2025,9,Tuesday,180,138,180,76.4,5766000,4406000,79.6,6192647,4928000,67.2,5693550,3826000,96.0,93.1,89.4,65.9,12.2,21.8,6291000,4924000,4650000,524663800,97465200,173579000,795708000,3
2025-09-24,Property_BAL_001,Bali,2025,9,Wednesday,180,136,180,75.6,6022000,4554000,79.3,6438070,5108000,70.9,5884577,4170000,95.3,93.5,89.2,74.5,8.2,17.3,6427000,5030000,4750000,610189300,66986700,141815900,818992000,3
2025-09-25,Property_BAL_001,Bali,2025,9,Thursday,180,144,180,80.0,6157000,4926000,84.7,6613775,5605000,71.9,5822771,4188000,94.4,93.1,87.9,66.4,17.2,16.4,6694000,5239000,4948000,588547100,152501100,145559800,886608000,3
2025-09-26,Property_BAL_001,Bali,2025,9,Friday,180,180,180,100.0,7050000,7050000,106.1,7454660,7907000,90.9,6590724,5992000,94.3,94.6,89.2,84.8,9.6,5.7,7310000,5721000,5403000,1075502600,121231400,72266000,1269000000,3
2025-09-27,Property_BAL_001,Bali,2025,9,Saturday,180,178,180,98.8,7843000,7746000,102.4,8573032,8778000,93.8,7109553,6670000,96.5,91.5,88.2,68.7,14.2,17.1,8483000,6639000,6270000,959449700,197741700,238862600,1396054000,3
2025-09-28,Property_BAL_001,Bali,2025,9,Sunday,180,151,180,84.1,7473000,6288000,87.3,7910669,6907000,81.4,7044363,5734000,96.4,94.5,91.0,79.1,13.4,7.5,7855000,6147000,5806000,892819200,151284200,84319600,1128423000,3
2025-09-29,Property_BAL_001,Bali,2025,9,Monday,180,138,180,76.6,6239000,4778000,80.0,7218482,5776000,69.9,6309527,4408000,95.7,86.4,82.7,80.5,19.8,-0.3,6514000,5098000,4815000,693147600,170824500,-2990200,860982000,3
2025-09-30,Property_BAL_001,Bali,2025,9,Tuesday,180,138,180,76.4,6049000,4624000,77.7,6634135,5157000,72.9,5847416,4264000,98.3,91.2,89.7,80.1,16.3,3.7,6334000,4957000,4682000,668333300,135768600,30660000,834762000,3
2025-10-01,Property_BAL_001,Bali,2025,10,Wednesday,180,115,180,63.9,4859000,3107000,68.2,5271496,3593000,61.7,4415314,2726000,93.8,92.2,86.5,57.2,9.9,32.9,5444000,4261000,4024000,319402400,55529000,183853600,558785000,4
2025-10-02,Property_BAL_001,Bali,2025,10,Thursday,180,132,180,73.1,5377000,3933000,80.2,5940487,4765000,65.9,5228676,3447000,91.2,90.5,82.5,78.7,16.9,4.4,5650000,4422000,4176000,558310400,119942800,31510800,709764000,4
2025-10-03,Property_BAL_001,Bali,2025,10,Friday,180,151,180,83.8,6018000,5044000,84.9,6613722,5617000,77.4,5938917,4599000,98.7,91.0,89.8,79.5,12.6,7.8,6321000,4947000,4672000,722566200,114930700,71221100,908718000,4
2025-10-04,Property_BAL_001,Bali,2025,10,Saturday,180,169,180,93.8,6486000,6086000,100.6,7226365,7272000,87.8,6479116,5691000,93.2,89.8,83.7,80.7,15.8,3.6,6781000,5307000,5012000,884199700,172977100,38957300,1096134000,4
2025-10-05,Property_BAL_001,Bali,2025,10,Sunday,180,136,180,75.4,6128000,4619000,80.4,6896315,5544000,73.2,5795618,4245000,93.8,88.9,83.3,71.4,13.3,15.3,6580000,5150000,4864000,595319700,110924300,127164000,833408000,4
2025-10-06,Property_BAL_001,Bali,2025,10,Monday,180,132,180,73.2,5097000,3733000,79.2,5523329,4376000,67.5,4705320,3175000,92.4,92.3,85.3,67.9,16.7,15.3,5519000,4319000,4079000,457042000,112569500,103192500,672804000,4
2025-10-07,Property_BAL_001,Bali,2025,10,Tuesday,180,124,180,68.7,5055000,3474000,72.7,5392164,3918000,67.2,4872139,3273000,94.6,93.7,88.7,74.7,14.7,10.6,5376000,4207000,3974000,468012800,92052500,66754700,626820000,4
2025-10-08,Property_BAL_001,Bali,2025,10,Wednesday,180,110,180,61.0,5257000,3208000,65.4,5474021,3578000,59.2,5289194,3133000,93.4,96.0,89.7,74.0,12.0,14.0,5609000,4389000,4146000,427650000,69451900,81168200,578270000,4
2025-10-09,Property_BAL_001,Bali,2025,10,Thursday,180,130,180,72.3,5146000,3722000,77.2,5646947,4360000,66.2,5087736,3371000,93.7,91.1,85.4,75.7,21.4,2.9,5440000,4257000,4021000,506727300,143111200,19141500,668980000,4
2025-10-10,Property_BAL_001,Bali,2025,10,Friday,180,133,180,74.0,5560000,4114000,78.3,6132619,4799000,70.0,5131140,3593000,94.5,90.7,85.7,65.0,19.0,16.0,6064000,4746000,4482000,480617700,140222200,118640100,739480000,4
2025-10-11,Property_BAL_001,Bali,2025,10,Saturday,180,152,180,84.4,6554000,5530000,89.4,7312838,6540000,84.2,6099146,5137000,94.3,89.6,84.6,72.0,10.5,17.6,7037000,5507000,5201000,716905800,104281400,175020800,996208000,4
2025-10-12,Property_BAL_001,Bali,2025,10,Sunday,180,160,180,89.2,5846000,5212000,95.2,6372238,6066000,86.8,5394402,4680000,93.7,91.7,85.9,73.9,23.7,2.4,6205000,4856000,4587000,691049200,221537900,22772900,935360000,4
2025-10-13,Property_BAL_001,Bali,2025,10,Monday,180,117,180,64.8,5125000,3322000,67.2,5490523,3689000,56.3,5178073,2915000,96.5,93.3,90.1,70.0,12.3,17.7,5529000,4327000,4087000,419511700,73728200,106385100,599625000,4
2025-10-14,Property_BAL_001,Bali,2025,10,Tuesday,180,119,180,66.2,5255000,3479000,72.1,5792367,4178000,60.4,4619454,2789000,91.8,90.7,83.3,82.6,13.7,3.7,5470000,4281000,4043000,516698700,85620400,23025900,625345000,4
2025-10-15,Property_BAL_001,Bali,2025,10,Wednesday,180,116,180,64.4,5016000,3231000,67.6,5308210,3586000,57.5,5207198,2995000,95.3,94.5,90.1,68.3,15.3,16.4,5429000,4248000,4012000,397461400,88982500,95412000,581856000,4
2025-10-16,Property_BAL_001,Bali,2025,10,Thursday,180,133,180,73.9,5374000,3974000,80.3,5852328,4702000,70.2,5147533,3612000,92.0,91.8,84.5,80.3,21.9,-2.3,5608000,4389000,4145000,574180300,156686300,-16124600,714742000,4
2025-10-17,Property_BAL_001,Bali,2025,10,Friday,180,145,180,80.8,5667000,4581000,85.6,6204814,5310000,74.0,5615027,4158000,94.4,91.3,86.3,57.3,21.4,21.3,6311000,4939000,4665000,470995300,176002600,174717000,821715000,4
2025-10-18,Property_BAL_001,Bali,2025,10,Saturday,180,159,180,88.3,6243000,5513000,94.3,6619202,6239000,79.6,6067171,4829000,93.7,94.3,88.4,67.2,15.7,17.1,6777000,5303000,5009000,666629300,156283500,169724200,992637000,4
2025-10-19,Property_BAL_001,Bali,2025,10,Sunday,180,152,180,84.5,6097000,5155000,89.3,6400718,5715000,76.6,6147643,4709000,94.7,95.3,90.2,79.1,7.5,13.4,6427000,5030000,4750000,732788500,69510800,124444700,926744000,4
2025-10-20,Property_BAL_001,Bali,2025,10,Monday,180,121,180,67.1,5154000,3459000,71.7,5606259,4021000,66.0,5197928,3431000,93.6,91.9,86.0,75.2,13.5,11.3,5476000,4286000,4048000,468955200,83996600,70682300,623634000,4
2025-10-21,Property_BAL_001,Bali,2025,10,Tuesday,180,128,180,71.0,5164000,3665000,76.7,5768120,4426000,63.8,4677044,2985000,92.5,89.5,82.8,77.5,15.2,7.3,5448000,4264000,4027000,512138100,100592700,48261100,660992000,4
2025-10-22,Property_BAL_001,Bali,2025,10,Wednesday,180,108,180,59.8,5090000,3044000,63.8,5725636,3655000,56.6,4544553,2574000,93.7,88.9,83.3,70.8,18.9,10.3,5461000,4274000,4036000,389160500,103922100,56637300,549720000,4
2025-10-23,Property_BAL_001,Bali,2025,10,Thursday,180,123,180,68.6,5222000,3580000,71.1,5922373,4209000,60.8,5364587,3262000,96.5,88.2,85.1,69.2,10.3,20.5,5650000,4422000,4176000,444757500,65977800,131570700,642306000,4
2025-10-24,Property_BAL_001,Bali,2025,10,Friday,180,135,180,74.9,6069000,4546000,77.5,6781058,5254000,70.2,5702031,4002000,96.7,89.5,86.5,82.1,18.6,-0.7,6313000,4941000,4666000,672747600,152337000,-5769500,819315000,4
2025-10-25,Property_BAL_001,Bali,2025,10,Saturday,180,145,180,80.3,6466000,5193000,84.5,7015093,5926000,77.6,6791132,5270000,95.1,92.2,87.6,67.7,5.1,27.3,7045000,5513000,5207000,634336700,47722100,255511200,937570000,4
2025-10-26,Property_BAL_001,Bali,2025,10,Sunday,180,130,180,72.2,6719000,4853000,79.8,7361696,5877000,64.2,6773835,4350000,90.5,91.3,82.6,83.0,11.1,5.9,6996000,5475000,5171000,724543600,97048300,51878100,873470000,4
2025-10-27,Property_BAL_001,Bali,2025,10,Monday,180,130,180,72.2,5121000,3695000,74.8,5531999,4137000,69.7,5046810,3520000,96.5,92.6,89.3,74.4,14.5,11.1,5451000,4266000,4029000,494984200,96850900,73894900,665730000,4
2025-10-28,Property_BAL_001,Bali,2025,10,Tuesday,180,119,180,65.9,5138000,3385000,65.4,5531110,3616000,63.9,4832187,3090000,100.8,92.9,93.6,76.6,18.7,4.7,5426000,4246000,4010000,468178700,114541900,28701400,611422000,4
2025-10-29,Property_BAL_001,Bali,2025,10,Wednesday,180,131,180,72.7,5114000,3718000,78.3,5309424,4156000,67.9,4837815,3284000,92.9,96.3,89.5,72.2,10.8,17.0,5486000,4293000,4055000,483710000,72581900,113642100,669934000,4
2025-10-30,Property_BAL_001,Bali,2025,10,Thursday,180,125,180,69.5,5452000,3790000,71.0,6233374,4428000,66.7,5222380,3483000,97.9,87.5,85.6,73.3,12.5,14.1,5826000,4559000,4306000,499652400,85432100,96415500,681500000,4
2025-10-31,Property_BAL_001,Bali,2025,10,Friday,180,135,180,75.1,5933000,4453000,81.6,6458694,5271000,71.9,5520781,3969000,92.0,91.9,84.5,80.4,9.2,10.4,6226000,4873000,4602000,644296300,73629100,83029700,800955000,4
2025-11-01,Property_BAL_001,Bali,2025,11,Saturday,180,168,180,93.2,6677000,6221000,100.0,7393612,7396000,89.5,6781145,6067000,93.2,90.3,84.1,77.9,21.7,0.4,7015000,5490000,5185000,874068500,243517200,4150300,1121736000,4
2025-11-02,Property_BAL_001,Bali,2025,11,Sunday,180,158,180,87.7,6385000,5602000,91.4,6908028,6312000,82.2,5599140,4603000,96.0,92.4,88.8,81.6,14.5,3.9,6662000,5214000,4924000,823476300,146193200,39160400,1008830000,4
2025-11-03,Property_BAL_001,Bali,2025,11,Monday,180,150,180,83.4,5530000,4612000,88.0,6029263,5304000,79.4,5145897,4086000,94.8,91.7,87.0,80.2,5.0,14.8,5818000,4553000,4300000,664943800,41475000,123081200,829500000,4
2025-11-04,Property_BAL_001,Bali,2025,11,Tuesday,180,125,180,69.4,5285000,3665000,71.7,5766923,4134000,65.6,5107648,3353000,96.7,91.6,88.7,76.2,14.4,9.4,5598000,4381000,4137000,503103700,95288600,62232800,660625000,4
2025-11-05,Property_BAL_001,Bali,2025,11,Wednesday,180,123,180,68.1,5268000,3585000,73.9,5729575,4234000,64.6,5031892,3248000,92.1,91.9,84.7,73.7,19.6,6.7,5605000,4387000,4143000,477582000,126686200,43695800,647964000,4
2025-11-06,Property_BAL_001,Bali,2025,11,Thursday,180,144,180,79.9,5610000,4483000,83.3,6229238,5191000,74.1,5559650,4122000,95.9,90.1,86.4,82.4,14.0,3.6,5842000,4572000,4318000,665855800,112848000,29136200,807840000,4
2025-11-07,Property_BAL_001,Bali,2025,11,Friday,180,141,180,78.6,5608000,4405000,82.4,6016200,4957000,73.7,5000281,3685000,95.3,93.2,88.9,58.6,15.0,26.4,6241000,4884000,4613000,463553000,118773800,208401200,790728000,4
2025-11-08,Property_BAL_001,Bali,2025,11,Saturday,180,161,180,89.6,6833000,6123000,96.9,7701437,7466000,90.9,6389127,5810000,92.4,88.7,82.0,76.9,20.5,2.6,7203000,5637000,5324000,845961000,225136600,29015500,1100113000,4
2025-11-09,Property_BAL_001,Bali,2025,11,Sunday,180,159,180,88.1,6423000,5657000,96.7,7003260,6771000,84.3,5851228,4932000,91.1,91.7,83.5,70.7,18.1,11.2,6896000,5397000,5097000,721917300,185193300,114146300,1021257000,4
2025-11-10,Property_BAL_001,Bali,2025,11,Monday,180,123,180,68.3,5367000,3665000,71.5,5732583,4099000,62.8,4785808,3003000,95.5,93.6,89.4,87.8,13.7,-1.5,5509000,4312000,4072000,579682500,90134500,-9676000,660141000,4
2025-11-11,Property_BAL_001,Bali,2025,11,Tuesday,180,132,180,73.5,5335000,3921000,79.6,6108703,4865000,63.9,4793528,3062000,92.3,87.3,80.6,70.3,22.8,6.9,5722000,4478000,4229000,494982800,160533000,48704200,704220000,4
2025-11-12,Property_BAL_001,Bali,2025,11,Wednesday,180,123,180,68.3,5097000,3482000,72.7,5561127,4044000,62.2,4338681,2701000,94.0,91.7,86.1,70.2,13.1,16.7,5493000,4299000,4060000,439965500,82260100,104705400,626931000,4
2025-11-13,Property_BAL_001,Bali,2025,11,Thursday,180,130,180,72.3,5236000,3784000,75.9,5529584,4196000,67.6,4745624,3206000,95.2,94.7,90.2,69.0,12.8,18.2,5662000,4431000,4185000,469960400,87147800,123571800,680680000,4
2025-11-14,Property_BAL_001,Bali,2025,11,Friday,180,144,180,80.1,5813000,4655000,86.3,6406946,5532000,75.1,5348690,4014000,92.8,90.7,84.1,69.9,9.8,20.3,6279000,4914000,4641000,585168300,81742300,170161400,837072000,4
2025-11-15,Property_BAL_001,Bali,2025,11,Saturday,180,160,180,88.9,6991000,6216000,95.1,7811800,7426000,84.1,6947538,5840000,93.5,89.5,83.7,77.3,17.8,5.0,7371000,5768000,5448000,864458100,198687600,55414300,1118560000,4
2025-11-16,Property_BAL_001,Bali,2025,11,Sunday,180,155,180,86.3,6319000,5452000,92.3,7096311,6552000,76.2,5758361,4387000,93.4,89.0,83.2,70.2,13.2,16.6,6809000,5328000,5032000,687759500,128957700,162727700,979445000,4
2025-11-17,Property_BAL_001,Bali,2025,11,Monday,180,156,180,86.7,5335000,4626000,91.8,5732649,5261000,79.8,5129640,4096000,94.5,93.1,87.9,76.4,12.1,11.5,5654000,4424000,4179000,635658800,100724600,95876500,832260000,4
2025-11-18,Property_BAL_001,Bali,2025,11,Tuesday,180,123,180,68.5,5458000,3737000,74.5,5990488,4461000,60.7,5386637,3269000,91.9,91.1,83.8,75.7,13.2,11.2,5792000,4533000,4281000,508011100,88436200,74886700,671334000,4
2025-11-19,Property_BAL_001,Bali,2025,11,Wednesday,180,132,180,73.5,5619000,4130000,78.0,6230589,4859000,67.1,5476351,3674000,94.2,90.2,85.0,84.3,20.5,-4.8,5805000,4543000,4291000,625450400,151895300,-35637700,741708000,4
2025-11-20,Property_BAL_001,Bali,2025,11,Thursday,180,125,180,69.2,5649000,3909000,73.0,6267421,4577000,63.8,5908413,3769000,94.7,90.1,85.4,83.0,12.6,4.4,5878000,4600000,4344000,585922800,89270500,30931700,706125000,4
2025-11-21,Property_BAL_001,Bali,2025,11,Friday,180,139,180,77.0,5631000,4337000,82.0,6094779,4999000,69.0,4932368,3403000,93.9,92.4,86.8,67.3,20.0,12.7,6099000,4773000,4508000,526465300,156658700,99585000,782709000,4
2025-11-22,Property_BAL_001,Bali,2025,11,Saturday,180,164,180,91.1,6642000,6053000,97.5,7234357,7051000,80.4,5904441,4750000,93.5,91.8,85.8,74.9,18.9,6.1,7044000,5513000,5207000,816419600,205911900,66956500,1089288000,4
2025-11-23,Property_BAL_001,Bali,2025,11,Sunday,180,160,180,88.8,6465000,5740000,95.2,6992489,6656000,78.6,6339601,4980000,93.3,92.5,86.2,73.8,14.4,11.9,6893000,5394000,5095000,763190500,148512800,122696600,1034400000,4
2025-11-24,Property_BAL_001,Bali,2025,11,Monday,180,118,180,65.7,5154000,3384000,69.7,5493644,3832000,61.6,4893585,3015000,94.1,93.8,88.3,78.2,5.4,16.4,5452000,4267000,4030000,475292600,33120300,99759100,608172000,4
2025-11-25,Property_BAL_001,Bali,2025,11,Tuesday,180,120,180,66.6,5051000,3365000,71.1,5592129,3978000,60.6,5232997,3170000,93.7,90.3,84.6,74.0,12.1,13.8,5387000,4216000,3982000,448802200,73549200,83768700,606120000,4
2025-11-26,Property_BAL_001,Bali,2025,11,Wednesday,180,120,180,66.6,4910000,3271000,71.1,5388510,3834000,62.7,4555931,2857000,93.6,91.1,85.3,73.1,21.1,5.8,5229000,4092000,3865000,430778200,124443400,33978400,589200000,4
2025-11-27,Property_BAL_001,Bali,2025,11,Thursday,180,130,180,72.0,5647000,4065000,76.6,6258561,4792000,67.0,5324551,3568000,94.0,90.2,84.8,74.8,13.0,12.3,6008000,4702000,4441000,549059700,95103700,89946600,734110000,4
2025-11-28,Property_BAL_001,Bali,2025,11,Friday,180,116,180,64.2,5842000,3753000,68.0,6466569,4397000,59.7,5709875,3409000,94.5,90.3,85.4,68.1,13.5,18.4,6332000,4956000,4680000,461353000,91620300,124698700,677672000,4
2025-11-29,Property_BAL_001,Bali,2025,11,Saturday,180,144,180,79.8,6148000,4906000,84.3,6936714,5847000,76.2,5907684,4502000,94.7,88.6,83.9,61.9,14.8,23.3,6778000,5304000,5010000,548196400,130784100,206331500,885312000,4
2025-11-30,Property_BAL_001,Bali,2025,11,Sunday,180,147,180,81.8,6415000,5248000,84.4,7106483,6001000,75.6,6423197,4858000,96.9,90.3,87.5,74.9,12.1,13.0,6826000,5342000,5045000,706148700,114532500,122323800,943005000,4
2025-12-01,Property_BAL_001,Bali,2025,12,Monday,180,142,180,79.0,6069000,4796000,80.9,6427216,5200000,82.0,6011195,4929000,97.7,94.4,92.2,80.8,8.3,10.9,6365000,4982000,4705000,696044600,71595300,94158100,861798000,4
2025-12-02,Property_BAL_001,Bali,2025,12,Tuesday,180,141,180,78.2,6282000,4914000,83.8,6929832,5810000,71.7,5556431,3986000,93.3,90.7,84.6,86.5,18.3,-4.8,6458000,5054000,4774000,766217100,162239700,-42694800,885762000,4
2025-12-03,Property_BAL_001,Bali,2025,12,Wednesday,180,145,180,80.3,6425000,5160000,84.7,7026905,5954000,79.6,6127988,4879000,94.8,91.4,86.7,90.0,14.4,-4.4,6555000,5130000,4845000,838462500,134483800,-41321300,931625000,4
2025-12-04,Property_BAL_001,Bali,2025,12,Thursday,180,151,180,83.9,6618000,5554000,90.9,7234968,6579000,74.6,5947632,4437000,92.3,91.5,84.4,68.0,14.4,17.6,7171000,5612000,5300000,679773500,143436400,176108200,999318000,4
2025-12-05,Property_BAL_001,Bali,2025,12,Friday,180,167,180,93.0,7024000,6532000,97.5,7651230,7458000,78.6,6356254,4993000,95.4,91.8,87.6,75.1,16.3,8.6,7456000,5835000,5511000,880820400,191731600,100456000,1173008000,4
2025-12-06,Property_BAL_001,Bali,2025,12,Saturday,180,179,180,99.4,7746000,7702000,105.8,8744749,9256000,98.5,7413889,7302000,93.9,88.6,83.2,71.2,19.8,8.9,8297000,6493000,6133000,987734900,274949900,123849300,1386534000,4
2025-12-07,Property_BAL_001,Bali,2025,12,Sunday,180,176,180,98.0,7281000,7134000,104.9,8028098,8425000,94.4,7448202,7033000,93.4,90.7,84.7,72.1,12.3,15.5,7806000,6109000,5769000,924533200,158191500,198731300,1281456000,4
2025-12-08,Property_BAL_001,Bali,2025,12,Monday,180,157,180,87.4,6274000,5486000,94.8,7038457,6669000,85.7,6052549,5188000,92.3,89.1,82.3,86.2,15.5,-1.7,6464000,5059000,4778000,848861100,152664500,-16507600,985018000,4
2025-12-09,Property_BAL_001,Bali,2025,12,Tuesday,180,147,180,81.7,6345000,5186000,86.1,7065498,6086000,79.6,6001200,4776000,94.9,89.8,85.2,71.0,9.4,19.6,6834000,5348000,5051000,662133000,87879300,182702700,932715000,4
2025-12-10,Property_BAL_001,Bali,2025,12,Wednesday,180,136,180,75.8,6084000,4613000,79.1,6692934,5296000,72.2,5960491,4301000,95.8,90.9,87.1,82.9,5.0,12.1,6354000,4972000,4696000,685918500,41371200,100134300,827424000,4
2025-12-11,Property_BAL_001,Bali,2025,12,Thursday,180,144,180,80.2,6604000,5294000,84.0,6887217,5782000,78.5,6800502,5336000,95.5,95.9,91.6,78.6,11.2,10.2,6959000,5446000,5143000,747243600,106505300,97227100,950976000,4
2025-12-12,Property_BAL_001,Bali,2025,12,Friday,180,176,180,98.0,7608000,7456000,102.6,8546221,8771000,93.2,7651255,7131000,95.5,89.0,85.0,84.3,15.7,-0.1,7876000,6163000,5821000,1129359100,210867400,-1218400,1339008000,4
2025-12-13,Property_BAL_001,Bali,2025,12,Saturday,180,180,180,100.0,7463000,7463000,108.9,7922527,8628000,99.0,7130805,7060000,91.8,94.2,86.5,76.1,20.2,3.7,7885000,6171000,5828000,1022504200,271153500,49682300,1343340000,4
2025-12-14,Property_BAL_001,Bali,2025,12,Sunday,180,180,180,100.0,7721000,7721000,106.8,7949427,8494000,94.5,6981303,6595000,93.6,97.1,90.9,82.1,19.5,-1.6,8029000,6284000,5935000,1140398800,271550100,-22168900,1389780000,4
2025-12-15,Property_BAL_001,Bali,2025,12,Monday,180,137,180,76.0,6451000,4904000,82.2,7030788,5779000,72.0,6112994,4402000,92.5,91.8,84.9,76.0,10.4,13.5,6848000,5359000,5061000,671917800,92163300,119705800,883787000,4
2025-12-16,Property_BAL_001,Bali,2025,12,Tuesday,180,156,180,86.9,6154000,5348000,91.4,6711868,6134000,79.6,6008975,4785000,95.1,91.7,87.2,78.4,12.3,9.3,6484000,5074000,4792000,752843700,118042500,89137800,960024000,4
2025-12-17,Property_BAL_001,Bali,2025,12,Wednesday,180,158,180,88.0,5968000,5253000,93.1,6587716,6131000,81.2,5867833,4765000,94.6,90.6,85.7,71.8,16.9,11.4,6392000,5003000,4725000,676805800,159113300,107024900,942944000,4
2025-12-18,Property_BAL_001,Bali,2025,12,Thursday,180,150,180,83.2,6361000,5294000,87.7,6748813,5919000,80.1,5737064,4596000,94.9,94.3,89.4,78.3,19.3,2.3,6682000,5230000,4939000,747408500,184466300,22275200,954150000,4
2025-12-19,Property_BAL_001,Bali,2025,12,Friday,180,171,180,94.9,7607000,7222000,97.5,8867489,8648000,87.0,7256888,6314000,97.3,85.8,83.5,89.0,20.2,-9.2,7762000,6074000,5737000,1157684600,262549100,-119436700,1300797000,4
2025-12-20,Property_BAL_001,Bali,2025,12,Saturday,180,176,180,98.0,7558000,7404000,102.8,7993852,8216000,88.9,7341005,6529000,95.3,94.5,90.1,63.9,16.9,19.2,8278000,6478000,6118000,849529400,225405700,255272900,1330208000,4
2025-12-21,Property_BAL_001,Bali,2025,12,Sunday,180,180,180,100.0,7844000,7844000,107.0,8334109,8914000,92.5,7542629,6979000,93.5,94.1,88.0,67.3,12.0,20.7,8526000,6673000,6302000,950378200,169497500,292044300,1411920000,4
2025-12-22,Property_BAL_001,Bali,2025,12,Monday,180,149,180,83.0,6291000,5223000,87.5,7107351,6218000,77.5,5733872,4443000,94.9,88.5,84.0,72.9,18.6,8.5,6711000,5252000,4960000,683367100,174463400,79528500,937359000,4
2025-12-23,Property_BAL_001,Bali,2025,12,Tuesday,180,141,180,78.2,6232000,4876000,86.9,7130690,6194000,78.2,5879686,4599000,90.1,87.4,78.7,88.1,7.7,4.2,6410000,5017000,4738000,773828300,67661600,37222100,878712000,4
2025-12-24,Property_BAL_001,Bali,2025,12,Wednesday,180,156,180,86.8,6436000,5588000,91.9,6966626,6406000,80.9,6374372,5156000,94.4,92.4,87.2,89.6,16.5,-6.0,6568000,5140000,4855000,899167300,165395700,-60546900,1004016000,4
2025-12-25,Property_BAL_001,Bali,2025,12,Thursday,180,169,180,93.8,5933000,5565000,100.4,6594720,6620000,92.5,5676435,5249000,93.4,90.0,84.1,77.2,14.9,7.9,6265000,4903000,4631000,774098700,149139300,79439000,1002677000,4
2025-12-26,Property_BAL_001,Bali,2025,12,Friday,180,180,180,100.0,7093000,7093000,106.5,8088553,8617000,85.5,6564567,5613000,93.9,87.7,82.3,76.2,18.9,4.8,7496000,5867000,5541000,973482600,241863000,61394400,1276740000,4
2025-12-27,Property_BAL_001,Bali,2025,12,Saturday,180,180,180,100.0,7865000,7865000,104.2,8433352,8791000,100.2,7303264,7317000,95.9,93.3,89.5,83.8,19.4,-3.2,8141000,6371000,6018000,1186286000,274223200,-44809300,1415700000,4
2025-12-28,Property_BAL_001,Bali,2025,12,Sunday,180,180,180,100.0,7326000,7326000,105.8,7615366,8057000,87.5,7035770,6160000,94.5,96.2,90.9,75.6,12.0,12.4,7781000,6089000,5751000,997034700,158046000,163599300,1318680000,4
2025-12-29,Property_BAL_001,Bali,2025,12,Monday,180,129,180,71.6,5893000,4221000,76.0,6358818,4830000,64.2,5375026,3449000,94.3,92.7,87.4,67.0,23.4,9.5,6376000,4990000,4713000,509704900,178040800,72451300,760197000,4
2025-12-30,Property_BAL_001,Bali,2025,12,Tuesday,180,165,180,91.7,6059000,5556000,99.4,6696463,6654000,90.3,4968390,4486000,92.3,90.5,83.5,69.1,13.9,17.1,6548000,5125000,4840000,690377800,138494400,170862800,999735000,4
2025-12-31,Property_BAL_001,Bali,2025,12,Wednesday,180,142,180,79.1,6458000,5107000,86.2,6948330,5987000,72.7,5872386,4272000,91.8,92.9,85.3,73.2,20.2,6.6,6879000,5383000,5084000,671025100,185503000,60507900,917036000,4
