date,volumeusd,feesusd,tvlusd,pool_id
2025-02-01,712141218.2541327,356070.6091270664,204419206.86479375,0x88e6a0c2ddd26feeb64f039a2c41296fcb3f5640
2025-02-02,959096972.7568762,479548.4863784382,201082634.34330124,0x88e6a0c2ddd26feeb64f039a2c41296fcb3f5640
2025-02-03,750309730.4111521,375154.86520557606,200124751.68512112,0x88e6a0c2ddd26feeb64f039a2c41296fcb3f5640
2025-02-04,963607767.740508,481803.883870254,198491550.4545613,0x88e6a0c2ddd26feeb64f039a2c41296fcb3f5640
2025-02-05,707555089.81144,353777.54490572,197391277.55169773,0x88e6a0c2ddd26feeb64f039a2c41296fcb3f5640
2025-02-06,838115118.067539,419057.5590337695,197312430.40418825,0x88e6a0c2ddd26feeb64f039a2c41296fcb3f5640
2025-02-07,862257709.2328324,431128.8546164162,197644765.5799072,0x88e6a0c2ddd26feeb64f039a2c41296fcb3f5640
2025-02-08,1143490470.590213,571745.2352951065,204165642.11940697,0x88e6a0c2ddd26feeb64f039a2c41296fcb3f5640
2025-02-09,842228529.9657261,421114.2649828631,200286747.27065623,0x88e6a0c2ddd26feeb64f039a2c41296fcb3f5640
2025-02-10,843279885.473174,421639.942736587,192340125.9630679,0x88e6a0c2ddd26feeb64f039a2c41296fcb3f5640
2025-02-11,984577742.0562032,492288.8710281016,196044104.23349488,0x88e6a0c2ddd26feeb64f039a2c41296fcb3f5640
2025-02-12,776585530.2095942,388292.76510479714,194248471.42853463,0x88e6a0c2ddd26feeb64f039a2c41296fcb3f5640
2025-02-13,670435571.0740374,335217.78553701873,194675264.89146572,0x88e6a0c2ddd26feeb64f039a2c41296fcb3f5640
2025-02-14,556145441.1077598,278072.7205538799,195081843.59891,0x88e6a0c2ddd26feeb64f039a2c41296fcb3f5640
2025-02-15,711296624.8306469,355648.31241532345,190001002.9764134,0x88e6a0c2ddd26feeb64f039a2c41296fcb3f5640
2025-02-16,655710288.2026966,327855.1441013483,193938509.84884587,0x88e6a0c2ddd26feeb64f039a2c41296fcb3f5640
2025-02-17,646564730.8975052,323282.3654487526,195059655.9865749,0x88e6a0c2ddd26feeb64f039a2c41296fcb3f5640
2025-02-18,998469551.0700212,499234.7755350107,191721308.98826,0x88e6a0c2ddd26feeb64f039a2c41296fcb3f5640
2025-02-19,858243337.655685,429121.66882784246,193592042.54277372,0x88e6a0c2ddd26feeb64f039a2c41296fcb3f5640
2025-02-20,867407670.1150621,433703.8350575311,192345063.3564097,0x88e6a0c2ddd26feeb64f039a2c41296fcb3f5640
2025-02-21,870938533.6339135,435469.26681695675,189804561.36876312,0x88e6a0c2ddd26feeb64f039a2c41296fcb3f5640
2025-02-22,685140742.6363275,342570.37131816376,189008052.24736136,0x88e6a0c2ddd26feeb64f039a2c41296fcb3f5640
2025-02-23,786092383.527435,393046.1917637175,188966456.4738169,0x88e6a0c2ddd26feeb64f039a2c41296fcb3f5640
2025-02-24,1019124017.1392918,509562.0085696458,186694295.2172399,0x88e6a0c2ddd26feeb64f039a2c41296fcb3f5640
2025-02-25,880134173.7627977,440067.08688139886,187282066.72812715,0x88e6a0c2ddd26feeb64f039a2c41296fcb3f5640
2025-02-26,978275302.5991764,489137.65129958815,183550964.89349324,0x88e6a0c2ddd26feeb64f039a2c41296fcb3f5640
2025-02-27,764866158.8503785,382433.0794251893,181833344.9063872,0x88e6a0c2ddd26feeb64f039a2c41296fcb3f5640
2025-02-28,847372523.0035053,423686.26150175266,185768268.76744196,0x88e6a0c2ddd26feeb64f039a2c41296fcb3f5640
2025-03-01,626949455.0997703,313474.72754988517,185127520.9688329,0x88e6a0c2ddd26feeb64f039a2c41296fcb3f5640
2025-03-02,1058036152.6059994,529018.0763029996,184690248.6864169,0x88e6a0c2ddd26feeb64f039a2c41296fcb3f5640
2025-03-03,639547791.5304894,319773.8957652447,191055513.3208028,0x88e6a0c2ddd26feeb64f039a2c41296fcb3f5640
2025-03-04,900934646.1672978,450467.3230836489,191165581.1280685,0x88e6a0c2ddd26feeb64f039a2c41296fcb3f5640
2025-03-05,796899374.2452259,398449.68712261296,184176473.15287864,0x88e6a0c2ddd26feeb64f039a2c41296fcb3f5640
2025-03-06,891669984.3784589,445834.99218922947,186164631.42889297,0x88e6a0c2ddd26feeb64f039a2c41296fcb3f5640
2025-03-07,792888857.7817093,396444.42889085464,190917040.8142773,0x88e6a0c2ddd26feeb64f039a2c41296fcb3f5640
2025-03-08,912512871.160946,456256.4355804729,194164485.97720307,0x88e6a0c2ddd26feeb64f039a2c41296fcb3f5640
2025-03-09,643087883.4196548,321543.94170982746,189237426.51351145,0x88e6a0c2ddd26feeb64f039a2c41296fcb3f5640
2025-03-10,696540268.7086594,348270.1343543297,189358095.0283836,0x88e6a0c2ddd26feeb64f039a2c41296fcb3f5640
2025-03-11,820146581.3671962,410073.2906835981,187816215.3347734,0x88e6a0c2ddd26feeb64f039a2c41296fcb3f5640
2025-03-12,894074096.9694926,447037.0484847463,185457028.99305245,0x88e6a0c2ddd26feeb64f039a2c41296fcb3f5640
2025-03-13,796380610.5801975,398190.3052900987,183529104.88468423,0x88e6a0c2ddd26feeb64f039a2c41296fcb3f5640
2025-03-14,1045262632.6944896,522631.3163472448,181961592.1623167,0x88e6a0c2ddd26feeb64f039a2c41296fcb3f5640
2025-03-15,633456853.3268666,316728.4266634333,188030697.49545604,0x88e6a0c2ddd26feeb64f039a2c41296fcb3f5640
2025-03-16,517586981.93769056,258793.4909688453,186878567.96474513,0x88e6a0c2ddd26feeb64f039a2c41296fcb3f5640
2025-03-17,673014710.825251,336507.3554126255,187031422.8045803,0x88e6a0c2ddd26feeb64f039a2c41296fcb3f5640
2025-03-18,1104751504.6523528,552375.7523261764,188144499.6176696,0x88e6a0c2ddd26feeb64f039a2c41296fcb3f5640
2025-03-19,799797886.3374332,399898.9431687166,186016643.06808355,0x88e6a0c2ddd26feeb64f039a2c41296fcb3f5640
2025-03-20,676269571.150254,338134.785575127,181935188.1845264,0x88e6a0c2ddd26feeb64f039a2c41296fcb3f5640
2025-03-21,818795666.1228553,409397.8330614276,184242586.8822702,0x88e6a0c2ddd26feeb64f039a2c41296fcb3f5640
2025-03-22,733697285.6454642,366848.6428227321,177635467.3279571,0x88e6a0c2ddd26feeb64f039a2c41296fcb3f5640
2025-03-23,773942038.8292466,386971.0194146233,184229725.91654587,0x88e6a0c2ddd26feeb64f039a2c41296fcb3f5640
2025-03-24,625964036.017809,312982.01800890453,191303096.9675767,0x88e6a0c2ddd26feeb64f039a2c41296fcb3f5640
2025-03-25,734808234.4830095,367404.1172415047,185351121.2113385,0x88e6a0c2ddd26feeb64f039a2c41296fcb3f5640
2025-03-26,748417894.0848413,374208.9470424206,188012448.24585855,0x88e6a0c2ddd26feeb64f039a2c41296fcb3f5640
2025-03-27,551446156.7376353,275723.07836881763,189235920.90362385,0x88e6a0c2ddd26feeb64f039a2c41296fcb3f5640
2025-03-28,763363829.8530229,381681.91492651147,186103403.55931464,0x88e6a0c2ddd26feeb64f039a2c41296fcb3f5640
2025-03-29,838035943.3618124,419017.9716809062,186534899.0200899,0x88e6a0c2ddd26feeb64f039a2c41296fcb3f5640
2025-03-30,799622967.5307779,399811.48376538896,188941012.31347856,0x88e6a0c2ddd26feeb64f039a2c41296fcb3f5640
2025-03-31,567276084.4539772,283638.04222698865,188560899.50002515,0x88e6a0c2ddd26feeb64f039a2c41296fcb3f5640
2025-04-01,633908685.9332988,316954.34296664945,186708757.32867265,0x88e6a0c2ddd26feeb64f039a2c41296fcb3f5640
2025-04-02,638879009.1261929,319439.50456309645,187787835.6206268,0x88e6a0c2ddd26feeb64f039a2c41296fcb3f5640
2025-04-03,861257726.0542074,430628.8630271037,188851461.1464088,0x88e6a0c2ddd26feeb64f039a2c41296fcb3f5640
2025-04-04,717026959.9235733,358513.47996178665,190818506.2522363,0x88e6a0c2ddd26feeb64f039a2c41296fcb3f5640
2025-04-05,1079728038.506852,539864.0192534261,192120548.76168472,0x88e6a0c2ddd26feeb64f039a2c41296fcb3f5640
2025-04-06,760249378.3297054,380124.68916485267,195880405.43457985,0x88e6a0c2ddd26feeb64f039a2c41296fcb3f5640
2025-04-07,947562569.778716,473781.2848893581,194642067.36800897,0x88e6a0c2ddd26feeb64f039a2c41296fcb3f5640
2025-04-08,540545228.7813833,270272.6143906916,200373409.04074696,0x88e6a0c2ddd26feeb64f039a2c41296fcb3f5640
2025-04-09,711586762.5261227,355793.38126306137,198412482.07881108,0x88e6a0c2ddd26feeb64f039a2c41296fcb3f5640
2025-04-10,680172620.189174,340086.31009458704,202256702.06724137,0x88e6a0c2ddd26feeb64f039a2c41296fcb3f5640
2025-04-11,484053564.62574273,242026.78231287136,198873840.73471105,0x88e6a0c2ddd26feeb64f039a2c41296fcb3f5640
2025-04-12,489693904.6318384,244846.9523159192,206236341.15936863,0x88e6a0c2ddd26feeb64f039a2c41296fcb3f5640
2025-04-13,1110869182.8386128,555434.5914193064,208503856.371877,0x88e6a0c2ddd26feeb64f039a2c41296fcb3f5640
2025-04-14,792166353.1908253,396083.17659541266,210506257.55286047,0x88e6a0c2ddd26feeb64f039a2c41296fcb3f5640
2025-04-15,1065124624.4135684,532562.3122067843,207778447.07524335,0x88e6a0c2ddd26feeb64f039a2c41296fcb3f5640
2025-04-16,616339163.7266166,308169.5818633083,213350733.60118884,0x88e6a0c2ddd26feeb64f039a2c41296fcb3f5640
2025-04-17,956829117.8101352,478414.5589050675,215530535.6963759,0x88e6a0c2ddd26feeb64f039a2c41296fcb3f5640
2025-04-18,928868367.200404,464434.183600202,212051431.40481508,0x88e6a0c2ddd26feeb64f039a2c41296fcb3f5640
2025-04-19,1159790653.156839,579895.3265784194,215747370.8611622,0x88e6a0c2ddd26feeb64f039a2c41296fcb3f5640
2025-04-20,793353225.2803808,396676.6126401904,215410127.1130634,0x88e6a0c2ddd26feeb64f039a2c41296fcb3f5640
2025-04-21,889460326.291398,444730.163145699,215880830.88312015,0x88e6a0c2ddd26feeb64f039a2c41296fcb3f5640
2025-04-22,997810179.7398534,498905.0898699267,218477600.4073055,0x88e6a0c2ddd26feeb64f039a2c41296fcb3f5640
2025-04-23,695482761.8683105,347741.38093415526,214532280.66918588,0x88e6a0c2ddd26feeb64f039a2c41296fcb3f5640
2025-04-24,909342510.558964,454671.255279482,217338358.8356312,0x88e6a0c2ddd26feeb64f039a2c41296fcb3f5640
2025-04-25,732570508.6307507,366285.25431537535,213588026.818279,0x88e6a0c2ddd26feeb64f039a2c41296fcb3f5640
2025-04-26,697208162.0639057,348604.08103195287,216885662.3200311,0x88e6a0c2ddd26feeb64f039a2c41296fcb3f5640
2025-04-27,982399272.1179056,491199.6360589528,216853394.0128471,0x88e6a0c2ddd26feeb64f039a2c41296fcb3f5640
2025-04-28,776439476.9553978,388219.73847769893,218615876.6164501,0x88e6a0c2ddd26feeb64f039a2c41296fcb3f5640
2025-04-29,929741200.8068812,464870.60040344065,215028999.14331245,0x88e6a0c2ddd26feeb64f039a2c41296fcb3f5640
2025-04-30,767448268.4789213,383724.13423946063,212383808.2584378,0x88e6a0c2ddd26feeb64f039a2c41296fcb3f5640
2025-05-01,1072964642.2779032,536482.3211389516,214747805.61506528,0x88e6a0c2ddd26feeb64f039a2c41296fcb3f5640
2025-05-02,736042125.8787333,368021.0629393667,210105376.0902875,0x88e6a0c2ddd26feeb64f039a2c41296fcb3f5640
2025-05-03,1075234561.4298372,537617.2807149186,212382803.8171357,0x88e6a0c2ddd26feeb64f039a2c41296fcb3f5640
2025-05-04,961027486.34649,480513.74317324505,218685173.43612373,0x88e6a0c2ddd26feeb64f039a2c41296fcb3f5640
2025-05-05,981051686.4986844,490525.8432493422,219396954.07863873,0x88e6a0c2ddd26feeb64f039a2c41296fcb3f5640
2025-05-06,1024362939.2291328,512181.4696145665,220618952.4557933,0x88e6a0c2ddd26feeb64f039a2c41296fcb3f5640
2025-05-07,626114281.1356901,313057.140567845,219530581.9531801,0x88e6a0c2ddd26feeb64f039a2c41296fcb3f5640
2025-05-08,805655821.0168273,402827.9105084137,226150528.92798176,0x88e6a0c2ddd26feeb64f039a2c41296fcb3f5640
2025-05-09,688659351.4350618,344329.6757175309,227128866.868136,0x88e6a0c2ddd26feeb64f039a2c41296fcb3f5640
2025-05-10,865674836.285212,432837.4181426061,219330724.15379223,0x88e6a0c2ddd26feeb64f039a2c41296fcb3f5640
2025-05-11,781387187.7517494,390693.5938758747,219966775.31565815,0x88e6a0c2ddd26feeb64f039a2c41296fcb3f5640
2025-05-12,521249869.6997592,260624.9348498796,216163271.6556417,0x88e6a0c2ddd26feeb64f039a2c41296fcb3f5640
2025-05-13,960455204.6727748,480227.60233638744,212406217.52727377,0x88e6a0c2ddd26feeb64f039a2c41296fcb3f5640
2025-05-14,862229175.6019835,431114.5878009918,220656361.9571899,0x88e6a0c2ddd26feeb64f039a2c41296fcb3f5640
2025-05-15,1053726050.9273236,526863.0254636619,214183950.4132824,0x88e6a0c2ddd26feeb64f039a2c41296fcb3f5640
2025-05-16,1152775055.7301164,576387.5278650582,218623928.5442871,0x88e6a0c2ddd26feeb64f039a2c41296fcb3f5640
2025-05-17,739701057.8759001,369850.5289379501,216923586.877285,0x88e6a0c2ddd26feeb64f039a2c41296fcb3f5640
2025-05-18,829942075.7073028,414971.0378536514,217555809.95412916,0x88e6a0c2ddd26feeb64f039a2c41296fcb3f5640
2025-05-19,1112823737.9086628,556411.8689543314,217095879.92618045,0x88e6a0c2ddd26feeb64f039a2c41296fcb3f5640
2025-05-20,890175284.8463261,445087.64242316305,212805054.3178873,0x88e6a0c2ddd26feeb64f039a2c41296fcb3f5640
2025-05-21,779701968.4089576,389850.9842044788,210780154.29954404,0x88e6a0c2ddd26feeb64f039a2c41296fcb3f5640
2025-05-22,837207321.1564059,418603.660578203,211128495.83302873,0x88e6a0c2ddd26feeb64f039a2c41296fcb3f5640
2025-05-23,946592321.4385128,473296.1607192564,211231798.9911244,0x88e6a0c2ddd26feeb64f039a2c41296fcb3f5640
2025-05-24,556071890.389551,278035.94519477553,208831108.518855,0x88e6a0c2ddd26feeb64f039a2c41296fcb3f5640
2025-05-25,538275645.5910603,269137.82279553014,208224803.06485033,0x88e6a0c2ddd26feeb64f039a2c41296fcb3f5640
2025-05-26,901839474.4674232,450919.7372337115,213000458.04499432,0x88e6a0c2ddd26feeb64f039a2c41296fcb3f5640
2025-05-27,781302064.3184355,390651.0321592178,210046886.83199063,0x88e6a0c2ddd26feeb64f039a2c41296fcb3f5640
2025-05-28,961023329.009794,480511.664504897,209752493.1128238,0x88e6a0c2ddd26feeb64f039a2c41296fcb3f5640
2025-05-29,553609475.1976826,276804.7375988413,210870622.05111933,0x88e6a0c2ddd26feeb64f039a2c41296fcb3f5640
2025-05-30,932827963.0730828,466413.9815365414,207407958.23013812,0x88e6a0c2ddd26feeb64f039a2c41296fcb3f5640
2025-05-31,1124289483.5681458,562144.7417840728,203807037.39551648,0x88e6a0c2ddd26feeb64f039a2c41296fcb3f5640
2025-06-01,797981646.4487573,398990.82322437863,199709837.55463767,0x88e6a0c2ddd26feeb64f039a2c41296fcb3f5640
2025-06-02,863957725.5387284,431978.8627693642,191976504.39715075,0x88e6a0c2ddd26feeb64f039a2c41296fcb3f5640
2025-06-03,712440179.9483275,356220.0899741638,192216119.4933757,0x88e6a0c2ddd26feeb64f039a2c41296fcb3f5640
2025-06-04,988975301.6963472,494487.6508481736,191418185.83458945,0x88e6a0c2ddd26feeb64f039a2c41296fcb3f5640
2025-06-05,646532962.2947779,323266.4811473889,195287439.64833924,0x88e6a0c2ddd26feeb64f039a2c41296fcb3f5640
2025-06-06,566984921.455317,283492.46072765853,187674479.40375617,0x88e6a0c2ddd26feeb64f039a2c41296fcb3f5640
2025-06-07,927333420.983394,463666.71049169695,186541661.39306188,0x88e6a0c2ddd26feeb64f039a2c41296fcb3f5640
2025-06-08,836727358.5575811,418363.67927879054,186530465.6565867,0x88e6a0c2ddd26feeb64f039a2c41296fcb3f5640
2025-06-09,959605757.9409748,479802.87897048745,182430840.26428187,0x88e6a0c2ddd26feeb64f039a2c41296fcb3f5640
2025-06-10,727057597.4659029,363528.79873295146,182423785.25203675,0x88e6a0c2ddd26feeb64f039a2c41296fcb3f5640
2025-06-11,794900261.8777583,397450.1309388792,183902276.17428076,0x88e6a0c2ddd26feeb64f039a2c41296fcb3f5640
2025-06-12,860216314.494597,430108.1572472985,179010966.06881043,0x88e6a0c2ddd26feeb64f039a2c41296fcb3f5640
2025-06-13,820590079.2035866,410295.0396017933,176548387.7792065,0x88e6a0c2ddd26feeb64f039a2c41296fcb3f5640
2025-06-14,938040498.2834373,469020.2491417186,174967812.50976846,0x88e6a0c2ddd26feeb64f039a2c41296fcb3f5640
2025-06-15,853353868.6550152,426676.9343275076,173633740.88828337,0x88e6a0c2ddd26feeb64f039a2c41296fcb3f5640
2025-06-16,683405367.8523717,341702.6839261858,171994215.0754392,0x88e6a0c2ddd26feeb64f039a2c41296fcb3f5640
2025-06-17,834477271.6736276,417238.63583681383,173576549.91958314,0x88e6a0c2ddd26feeb64f039a2c41296fcb3f5640
2025-06-18,1017044553.8407016,508522.27692035073,176368814.95237154,0x88e6a0c2ddd26feeb64f039a2c41296fcb3f5640
2025-06-19,1010830650.0074946,505415.3250037473,168538465.87364784,0x88e6a0c2ddd26feeb64f039a2c41296fcb3f5640
2025-06-20,872278177.8213176,436139.0889106588,168162555.22331125,0x88e6a0c2ddd26feeb64f039a2c41296fcb3f5640
2025-06-21,817598291.9125682,408799.14595628413,166632449.4008138,0x88e6a0c2ddd26feeb64f039a2c41296fcb3f5640
2025-06-22,915785525.9546884,457892.76297734416,165443056.82532355,0x88e6a0c2ddd26feeb64f039a2c41296fcb3f5640
2025-06-23,760959615.8108561,380479.80790542805,169734516.1849308,0x88e6a0c2ddd26feeb64f039a2c41296fcb3f5640
2025-06-24,885253532.446767,442626.7662233835,167233067.77827546,0x88e6a0c2ddd26feeb64f039a2c41296fcb3f5640
2025-06-25,880393264.4290862,440196.6322145431,166838424.945372,0x88e6a0c2ddd26feeb64f039a2c41296fcb3f5640
2025-06-26,772247724.847319,386123.86242365954,164248837.7646116,0x88e6a0c2ddd26feeb64f039a2c41296fcb3f5640
2025-06-27,712140472.8268648,356070.2364134324,167709195.3444307,0x88e6a0c2ddd26feeb64f039a2c41296fcb3f5640
2025-06-28,972047130.5118144,486023.5652559072,173261146.76758754,0x88e6a0c2ddd26feeb64f039a2c41296fcb3f5640
2025-06-29,482638884.4350028,241319.4422175014,172169448.57220006,0x88e6a0c2ddd26feeb64f039a2c41296fcb3f5640
2025-06-30,1132170072.1219947,566085.0360609974,177754937.0787434,0x88e6a0c2ddd26feeb64f039a2c41296fcb3f5640
2025-07-01,709294797.4204392,354647.39871021966,178204144.00746045,0x88e6a0c2ddd26feeb64f039a2c41296fcb3f5640
2025-07-02,624861428.3549056,312430.7141774528,180179083.79929313,0x88e6a0c2ddd26feeb64f039a2c41296fcb3f5640
2025-07-03,882645035.5181642,441322.5177590821,179287007.1632572,0x88e6a0c2ddd26feeb64f039a2c41296fcb3f5640
2025-07-04,903456997.3370676,451728.4986685338,179800772.21216992,0x88e6a0c2ddd26feeb64f039a2c41296fcb3f5640
2025-07-05,651986400.8052933,325993.2004026467,178232260.08166477,0x88e6a0c2ddd26feeb64f039a2c41296fcb3f5640
2025-07-06,648039868.0799316,324019.9340399658,177327511.0546049,0x88e6a0c2ddd26feeb64f039a2c41296fcb3f5640
2025-07-07,886006823.8454475,443003.41192272375,174116936.92105758,0x88e6a0c2ddd26feeb64f039a2c41296fcb3f5640
2025-07-08,679584652.3040091,339792.32615200453,177249475.89679694,0x88e6a0c2ddd26feeb64f039a2c41296fcb3f5640
2025-07-09,742361286.4193064,371180.6432096532,178423409.04771858,0x88e6a0c2ddd26feeb64f039a2c41296fcb3f5640
2025-07-10,819944758.6176323,409972.37930881616,175907567.22228724,0x88e6a0c2ddd26feeb64f039a2c41296fcb3f5640
2025-07-11,973404797.847121,486702.3989235605,180587145.3397374,0x88e6a0c2ddd26feeb64f039a2c41296fcb3f5640
2025-07-12,797865665.2084862,398932.8326042431,182706229.68015796,0x88e6a0c2ddd26feeb64f039a2c41296fcb3f5640
2025-07-13,625358267.807625,312679.13390381256,182499670.95159537,0x88e6a0c2ddd26feeb64f039a2c41296fcb3f5640
2025-07-14,769755544.2100108,384877.7721050054,180286617.10556307,0x88e6a0c2ddd26feeb64f039a2c41296fcb3f5640
2025-07-15,708854720.1457351,354427.3600728676,185274441.44954705,0x88e6a0c2ddd26feeb64f039a2c41296fcb3f5640
2025-07-16,976621136.8051696,488310.5684025848,179136636.7947443,0x88e6a0c2ddd26feeb64f039a2c41296fcb3f5640
2025-07-17,716425468.8893229,358212.7344446615,180870737.73671603,0x88e6a0c2ddd26feeb64f039a2c41296fcb3f5640
2025-07-18,409698249.82666475,204849.12491333237,179423533.11340162,0x88e6a0c2ddd26feeb64f039a2c41296fcb3f5640
2025-07-19,578662449.7869728,289331.22489348636,181365456.97574607,0x88e6a0c2ddd26feeb64f039a2c41296fcb3f5640
2025-07-20,759179075.4593774,379589.5377296887,182716791.36447757,0x88e6a0c2ddd26feeb64f039a2c41296fcb3f5640
2025-07-21,810878718.7524246,405439.3593762123,185415945.9986116,0x88e6a0c2ddd26feeb64f039a2c41296fcb3f5640
2025-07-22,875580090.0604824,437790.0450302412,185392748.8256199,0x88e6a0c2ddd26feeb64f039a2c41296fcb3f5640
2025-07-23,818506123.4316374,409253.0617158187,178313850.58626786,0x88e6a0c2ddd26feeb64f039a2c41296fcb3f5640
2025-07-24,1008796739.6639776,504398.3698319888,178689343.87597626,0x88e6a0c2ddd26feeb64f039a2c41296fcb3f5640
2025-07-25,658034397.4208462,329017.19871042314,179530615.9946338,0x88e6a0c2ddd26feeb64f039a2c41296fcb3f5640
2025-07-26,818451195.8827599,409225.59794138,174071700.18563548,0x88e6a0c2ddd26feeb64f039a2c41296fcb3f5640
2025-07-27,677286313.586594,338643.156793297,173842741.21817186,0x88e6a0c2ddd26feeb64f039a2c41296fcb3f5640
2025-07-28,613725234.8963479,306862.6174481739,167229121.3285529,0x88e6a0c2ddd26feeb64f039a2c41296fcb3f5640
2025-07-29,763735715.3700745,381867.8576850373,164493931.40604696,0x88e6a0c2ddd26feeb64f039a2c41296fcb3f5640
2025-07-30,908959738.9952608,454479.86949763045,165816767.03603116,0x88e6a0c2ddd26feeb64f039a2c41296fcb3f5640
2025-07-31,841098679.8415604,420549.3399207802,168579485.13350466,0x88e6a0c2ddd26feeb64f039a2c41296fcb3f5640
2025-08-01,802974692.0120896,401487.3460060448,175697241.9098456,0x88e6a0c2ddd26feeb64f039a2c41296fcb3f5640
2025-08-02,928237577.1318814,464118.7885659407,175306742.74193126,0x88e6a0c2ddd26feeb64f039a2c41296fcb3f5640
2025-08-03,1056155218.8090148,528077.6094045074,177052772.06000456,0x88e6a0c2ddd26feeb64f039a2c41296fcb3f5640
2025-08-04,785710803.7374387,392855.4018687194,179800594.716091,0x88e6a0c2ddd26feeb64f039a2c41296fcb3f5640
2025-08-05,856531988.3547682,428265.99417738407,177540148.0990005,0x88e6a0c2ddd26feeb64f039a2c41296fcb3f5640
2025-08-06,738316518.9305428,369158.25946527143,183065329.4834967,0x88e6a0c2ddd26feeb64f039a2c41296fcb3f5640
2025-08-07,947705173.2238206,473852.5866119103,180022321.79553583,0x88e6a0c2ddd26feeb64f039a2c41296fcb3f5640
2025-08-08,834893907.1421803,417446.9535710902,174459675.02114472,0x88e6a0c2ddd26feeb64f039a2c41296fcb3f5640
2025-08-09,569200076.845813,284600.03842290654,173463449.21638393,0x88e6a0c2ddd26feeb64f039a2c41296fcb3f5640
2025-08-10,478525825.52252734,239262.91276126367,169360983.67702365,0x88e6a0c2ddd26feeb64f039a2c41296fcb3f5640
2025-08-11,850484402.6645426,425242.2013322713,170814428.85995054,0x88e6a0c2ddd26feeb64f039a2c41296fcb3f5640
2025-08-12,1089189393.606816,544594.6968034081,171586540.76231524,0x88e6a0c2ddd26feeb64f039a2c41296fcb3f5640
2025-08-13,900280288.7486396,450140.1443743198,173094911.41836384,0x88e6a0c2ddd26feeb64f039a2c41296fcb3f5640
2025-08-14,936564054.1327488,468282.0270663744,169698838.8197744,0x88e6a0c2ddd26feeb64f039a2c41296fcb3f5640
2025-08-15,684332278.5940928,342166.1392970464,171263565.70587716,0x88e6a0c2ddd26feeb64f039a2c41296fcb3f5640
2025-08-16,809655101.6400163,404827.55082000815,168917549.65584648,0x88e6a0c2ddd26feeb64f039a2c41296fcb3f5640
2025-08-17,620176031.6037983,310088.01580189914,169441133.515911,0x88e6a0c2ddd26feeb64f039a2c41296fcb3f5640
2025-08-18,649068078.7421976,324534.0393710988,162697010.97533303,0x88e6a0c2ddd26feeb64f039a2c41296fcb3f5640
2025-08-19,631320821.2890353,315660.4106445177,163346911.93167973,0x88e6a0c2ddd26feeb64f039a2c41296fcb3f5640
2025-08-20,989142673.6230128,494571.3368115065,159985273.3358541,0x88e6a0c2ddd26feeb64f039a2c41296fcb3f5640
2025-08-21,493102522.8443038,246551.2614221519,163023771.69108838,0x88e6a0c2ddd26feeb64f039a2c41296fcb3f5640
2025-08-22,686291598.078315,343145.7990391575,163326309.7477266,0x88e6a0c2ddd26feeb64f039a2c41296fcb3f5640
2025-08-23,733503093.7993486,366751.5468996743,163118617.7253693,0x88e6a0c2ddd26feeb64f039a2c41296fcb3f5640
2025-08-24,801864826.6893916,400932.4133446958,160685009.99679205,0x88e6a0c2ddd26feeb64f039a2c41296fcb3f5640
2025-08-25,588756130.6057277,294378.06530286383,163123299.13718086,0x88e6a0c2ddd26feeb64f039a2c41296fcb3f5640
2025-08-26,689681995.0482934,344840.9975241467,159065148.3130547,0x88e6a0c2ddd26feeb64f039a2c41296fcb3f5640
2025-08-27,790083614.3616469,395041.80718082347,162564742.4551861,0x88e6a0c2ddd26feeb64f039a2c41296fcb3f5640
2025-08-28,655163392.1605409,327581.69608027046,159051730.59381887,0x88e6a0c2ddd26feeb64f039a2c41296fcb3f5640
2025-08-29,950876925.698117,475438.4628490585,158849912.19626853,0x88e6a0c2ddd26feeb64f039a2c41296fcb3f5640
2025-08-30,884651085.5534859,442325.54277674295,160642964.6847268,0x88e6a0c2ddd26feeb64f039a2c41296fcb3f5640
2025-08-31,793644599.1819001,396822.2995909501,154283131.702324,0x88e6a0c2ddd26feeb64f039a2c41296fcb3f5640
2025-09-01,708448077.644015,354224.0388220075,155853594.75893855,0x88e6a0c2ddd26feeb64f039a2c41296fcb3f5640
2025-09-02,722281793.8762946,361140.8969381473,149407438.0319444,0x88e6a0c2ddd26feeb64f039a2c41296fcb3f5640
2025-09-03,867910779.3214355,433955.38966071774,148477806.11993226,0x88e6a0c2ddd26feeb64f039a2c41296fcb3f5640
2025-09-04,776499962.7213789,388249.98136068945,145600508.64402878,0x88e6a0c2ddd26feeb64f039a2c41296fcb3f5640
2025-09-05,700194136.7634239,350097.06838171196,149368254.4058503,0x88e6a0c2ddd26feeb64f039a2c41296fcb3f5640
2025-09-06,878119424.8049397,439059.7124024699,143137785.72344345,0x88e6a0c2ddd26feeb64f039a2c41296fcb3f5640
2025-09-07,603098842.7383054,301549.4213691527,147217945.15068913,0x88e6a0c2ddd26feeb64f039a2c41296fcb3f5640
2025-09-08,1024592279.2445076,512296.13962225383,143908478.09214765,0x88e6a0c2ddd26feeb64f039a2c41296fcb3f5640
2025-09-09,736058715.5055085,368029.3577527543,142411545.51881808,0x88e6a0c2ddd26feeb64f039a2c41296fcb3f5640
2025-09-10,1120794460.2874172,560397.2301437086,144883500.11673784,0x88e6a0c2ddd26feeb64f039a2c41296fcb3f5640
2025-09-11,803184309.713775,401592.15485688753,137718564.68378007,0x88e6a0c2ddd26feeb64f039a2c41296fcb3f5640
2025-09-12,872756349.3026137,436378.1746513069,139759030.72663411,0x88e6a0c2ddd26feeb64f039a2c41296fcb3f5640
2025-09-13,896251709.5595036,448125.8547797518,137888286.96843627,0x88e6a0c2ddd26feeb64f039a2c41296fcb3f5640
2025-09-14,937756048.8294032,468878.0244147016,139681679.37110746,0x88e6a0c2ddd26feeb64f039a2c41296fcb3f5640
2025-09-15,669812302.3100909,334906.15115504543,139445049.49363112,0x88e6a0c2ddd26feeb64f039a2c41296fcb3f5640
2025-09-16,712055778.6102562,356027.88930512813,137879295.60171926,0x88e6a0c2ddd26feeb64f039a2c41296fcb3f5640
2025-09-17,847967507.1466208,423983.7535733104,133898421.77637546,0x88e6a0c2ddd26feeb64f039a2c41296fcb3f5640
2025-09-18,546467657.7025777,273233.8288512889,134746096.05908254,0x88e6a0c2ddd26feeb64f039a2c41296fcb3f5640
2025-09-19,923513769.6429445,461756.88482147217,134184255.181731,0x88e6a0c2ddd26feeb64f039a2c41296fcb3f5640
2025-09-20,837103925.3992034,418551.9626996017,137208698.48113084,0x88e6a0c2ddd26feeb64f039a2c41296fcb3f5640
2025-09-21,954997014.221336,477498.50711066806,137022400.03757575,0x88e6a0c2ddd26feeb64f039a2c41296fcb3f5640
2025-09-22,892416614.1991547,446208.3070995774,137894261.91762018,0x88e6a0c2ddd26feeb64f039a2c41296fcb3f5640
2025-09-23,1097933567.6959567,548966.7838479783,139487925.5620304,0x88e6a0c2ddd26feeb64f039a2c41296fcb3f5640
2025-09-24,775848660.0084964,387924.3300042482,137904109.1179649,0x88e6a0c2ddd26feeb64f039a2c41296fcb3f5640
2025-09-25,781277461.2649835,390638.73063249176,141985929.6575744,0x88e6a0c2ddd26feeb64f039a2c41296fcb3f5640
2025-09-26,719288358.8942182,359644.1794471091,140754204.91963398,0x88e6a0c2ddd26feeb64f039a2c41296fcb3f5640
2025-09-27,877798063.1751788,438899.0315875894,137427013.8361386,0x88e6a0c2ddd26feeb64f039a2c41296fcb3f5640
2025-09-28,755495726.997409,377747.8634987045,138936020.55506527,0x88e6a0c2ddd26feeb64f039a2c41296fcb3f5640
2025-09-29,755523329.54397,377761.66477198503,141714800.73405242,0x88e6a0c2ddd26feeb64f039a2c41296fcb3f5640
2025-09-30,554204868.0384814,277102.43401924067,139138848.26625234,0x88e6a0c2ddd26feeb64f039a2c41296fcb3f5640
2025-10-01,1204529930.7613578,602264.9653806789,136967287.4565513,0x88e6a0c2ddd26feeb64f039a2c41296fcb3f5640
2025-10-02,935501647.580252,467750.823790126,139525405.27841562,0x88e6a0c2ddd26feeb64f039a2c41296fcb3f5640
2025-10-03,890797842.1697752,445398.9210848877,138441784.06469464,0x88e6a0c2ddd26feeb64f039a2c41296fcb3f5640
2025-10-04,1176465743.3164673,588232.8716582337,138896035.3249159,0x88e6a0c2ddd26feeb64f039a2c41296fcb3f5640
2025-10-05,957192896.3252628,478596.4481626314,141583975.61006534,0x88e6a0c2ddd26feeb64f039a2c41296fcb3f5640
2025-10-06,894501384.7309749,447250.69236548746,142077383.94071352,0x88e6a0c2ddd26feeb64f039a2c41296fcb3f5640
2025-10-07,745836869.1874748,372918.4345937374,136583511.3363198,0x88e6a0c2ddd26feeb64f039a2c41296fcb3f5640
2025-10-08,720503610.1368908,360251.8050684454,135981445.23116052,0x88e6a0c2ddd26feeb64f039a2c41296fcb3f5640
2025-10-09,1088750678.336625,544375.3391683126,132496844.78811288,0x88e6a0c2ddd26feeb64f039a2c41296fcb3f5640
2025-10-10,881880128.0895262,440940.0640447631,131615775.39065816,0x88e6a0c2ddd26feeb64f039a2c41296fcb3f5640
2025-10-11,796828868.0648681,398414.4340324341,127437132.8526436,0x88e6a0c2ddd26feeb64f039a2c41296fcb3f5640
2025-10-12,667091433.1314052,333545.71656570263,129878808.10306448,0x88e6a0c2ddd26feeb64f039a2c41296fcb3f5640
2025-10-13,793317576.0603018,396658.78803015087,125159878.39733204,0x88e6a0c2ddd26feeb64f039a2c41296fcb3f5640
2025-10-14,681721557.4631151,340860.77873155754,124657131.5674163,0x88e6a0c2ddd26feeb64f039a2c41296fcb3f5640
2025-10-15,821350178.3342632,410675.0891671316,125470405.01845904,0x88e6a0c2ddd26feeb64f039a2c41296fcb3f5640
2025-10-16,762480206.0787923,381240.10303939617,125124446.3141679,0x88e6a0c2ddd26feeb64f039a2c41296fcb3f5640
2025-10-17,1109011536.065668,554505.7680328339,126725123.20289072,0x88e6a0c2ddd26feeb64f039a2c41296fcb3f5640
2025-10-18,776390017.9026393,388195.0089513196,128704015.82158154,0x88e6a0c2ddd26feeb64f039a2c41296fcb3f5640
2025-10-19,876576297.606513,438288.1488032565,127269074.55183128,0x88e6a0c2ddd26feeb64f039a2c41296fcb3f5640
2025-10-20,735806614.9585875,367903.3074792938,129587275.30304034,0x88e6a0c2ddd26feeb64f039a2c41296fcb3f5640
2025-10-21,942210954.3876396,471105.47719381977,130002522.54854807,0x88e6a0c2ddd26feeb64f039a2c41296fcb3f5640
2025-10-22,609887517.8432487,304943.7589216244,133832599.71621408,0x88e6a0c2ddd26feeb64f039a2c41296fcb3f5640
2025-10-23,725400175.352429,362700.0876762145,132491013.0320008,0x88e6a0c2ddd26feeb64f039a2c41296fcb3f5640
2025-10-24,816746893.036154,408373.44651807705,133385345.4001661,0x88e6a0c2ddd26feeb64f039a2c41296fcb3f5640
2025-10-25,1061867694.2183578,530933.8471091789,136098398.406851,0x88e6a0c2ddd26feeb64f039a2c41296fcb3f5640
2025-10-26,967008328.0736592,483504.16403682966,137941122.12060052,0x88e6a0c2ddd26feeb64f039a2c41296fcb3f5640
2025-10-27,820345381.6486052,410172.6908243026,138083244.1357608,0x88e6a0c2ddd26feeb64f039a2c41296fcb3f5640
2025-10-28,886868734.8627579,443434.367431379,138688922.38641506,0x88e6a0c2ddd26feeb64f039a2c41296fcb3f5640
2025-10-29,406498870.4239057,203249.43521195283,139429456.04725477,0x88e6a0c2ddd26feeb64f039a2c41296fcb3f5640
2025-10-30,775160903.7820525,387580.4518910263,138973075.18476522,0x88e6a0c2ddd26feeb64f039a2c41296fcb3f5640
2025-10-31,695822304.7423837,347911.1523711919,136850777.02952835,0x88e6a0c2ddd26feeb64f039a2c41296fcb3f5640
2025-11-01,1171284124.184653,585642.0620923266,135713980.26348186,0x88e6a0c2ddd26feeb64f039a2c41296fcb3f5640
2025-11-02,1037910499.0436416,518955.2495218208,138541012.71721843,0x88e6a0c2ddd26feeb64f039a2c41296fcb3f5640
2025-11-03,760553177.9430602,380276.5889715301,139554271.10927397,0x88e6a0c2ddd26feeb64f039a2c41296fcb3f5640
2025-11-04,849321535.0904937,424660.76754524687,136441692.90396425,0x88e6a0c2ddd26feeb64f039a2c41296fcb3f5640
2025-11-05,982912709.7817184,491456.3548908593,141989897.9386551,0x88e6a0c2ddd26feeb64f039a2c41296fcb3f5640
2025-11-06,739618928.7062818,369809.4643531409,139263634.9272381,0x88e6a0c2ddd26feeb64f039a2c41296fcb3f5640
2025-11-07,833732793.1509671,416866.3965754835,142254601.61677384,0x88e6a0c2ddd26feeb64f039a2c41296fcb3f5640
2025-11-08,800045968.311721,400022.9841558605,141495560.78342995,0x88e6a0c2ddd26feeb64f039a2c41296fcb3f5640
2025-11-09,783360038.8611407,391680.0194305704,142685044.15438762,0x88e6a0c2ddd26feeb64f039a2c41296fcb3f5640
2025-11-10,854073963.1467842,427036.9815733921,141633774.9294962,0x88e6a0c2ddd26feeb64f039a2c41296fcb3f5640
2025-11-11,329436657.80571014,164718.32890285508,145433920.10111094,0x88e6a0c2ddd26feeb64f039a2c41296fcb3f5640
2025-11-12,1037928415.33177,518964.20766588504,147944850.27831095,0x88e6a0c2ddd26feeb64f039a2c41296fcb3f5640
2025-11-13,663407079.6407733,331703.5398203867,142044668.35317153,0x88e6a0c2ddd26feeb64f039a2c41296fcb3f5640
2025-11-14,790788776.9077439,395394.388453872,143838608.50702012,0x88e6a0c2ddd26feeb64f039a2c41296fcb3f5640
2025-11-15,908925253.3435416,454462.6266717709,146777906.60939524,0x88e6a0c2ddd26feeb64f039a2c41296fcb3f5640
2025-11-16,872923429.6816273,436461.71484081366,145619839.06723592,0x88e6a0c2ddd26feeb64f039a2c41296fcb3f5640
2025-11-17,781335100.2701613,390667.55013508064,145137432.89312273,0x88e6a0c2ddd26feeb64f039a2c41296fcb3f5640
2025-11-18,979531441.6213976,489765.7208106987,145137163.3017805,0x88e6a0c2ddd26feeb64f039a2c41296fcb3f5640
2025-11-19,746954463.8087139,373477.231904357,145414843.96828043,0x88e6a0c2ddd26feeb64f039a2c41296fcb3f5640
2025-11-20,780170126.7528859,390085.063376443,147527236.14016023,0x88e6a0c2ddd26feeb64f039a2c41296fcb3f5640
2025-11-21,723342391.0362468,361671.1955181234,145796309.5497038,0x88e6a0c2ddd26feeb64f039a2c41296fcb3f5640
2025-11-22,635473676.6368297,317736.83831841487,143811634.92090762,0x88e6a0c2ddd26feeb64f039a2c41296fcb3f5640
2025-11-23,578485888.1522182,289242.9440761091,142402075.93053603,0x88e6a0c2ddd26feeb64f039a2c41296fcb3f5640
2025-11-24,918994201.4546498,459497.1007273249,140158194.45500582,0x88e6a0c2ddd26feeb64f039a2c41296fcb3f5640
2025-11-25,560546861.1056714,280273.4305528357,139183860.17476764,0x88e6a0c2ddd26feeb64f039a2c41296fcb3f5640
2025-11-26,870013084.012786,435006.542006393,141298364.03065568,0x88e6a0c2ddd26feeb64f039a2c41296fcb3f5640
2025-11-27,652277805.2795175,326138.9026397588,140133043.36873153,0x88e6a0c2ddd26feeb64f039a2c41296fcb3f5640
2025-11-28,845659901.3180056,422829.9506590028,134379191.03513387,0x88e6a0c2ddd26feeb64f039a2c41296fcb3f5640
2025-11-29,995174333.9960748,497587.16699803737,132416261.40436746,0x88e6a0c2ddd26feeb64f039a2c41296fcb3f5640
2025-11-30,1054315572.7418636,527157.7863709319,134333062.42137375,0x88e6a0c2ddd26feeb64f039a2c41296fcb3f5640
2025-12-01,546917845.2896874,273458.9226448437,131898133.85757932,0x88e6a0c2ddd26feeb64f039a2c41296fcb3f5640
2025-12-02,796560626.8007656,398280.3134003828,125142038.54779698,0x88e6a0c2ddd26feeb64f039a2c41296fcb3f5640
2025-12-03,816687235.8515061,408343.61792575306,126844432.42022842,0x88e6a0c2ddd26feeb64f039a2c41296fcb3f5640
2025-12-04,575662261.6421928,287831.1308210964,130622103.6887614,0x88e6a0c2ddd26feeb64f039a2c41296fcb3f5640
2025-12-05,794483415.4357164,397241.7077178582,134001686.83613744,0x88e6a0c2ddd26feeb64f039a2c41296fcb3f5640
2025-12-06,1102885390.020269,551442.6950101344,138715099.70974135,0x88e6a0c2ddd26feeb64f039a2c41296fcb3f5640
2025-12-07,753543972.3220484,376771.9861610242,134335177.1528781,0x88e6a0c2ddd26feeb64f039a2c41296fcb3f5640
2025-12-08,757184676.0319146,378592.3380159573,136910083.6191406,0x88e6a0c2ddd26feeb64f039a2c41296fcb3f5640
2025-12-09,906096132.5815831,453048.0662907915,136632095.92830896,0x88e6a0c2ddd26feeb64f039a2c41296fcb3f5640
2025-12-10,845561861.7517997,422780.93087589985,134043113.24491276,0x88e6a0c2ddd26feeb64f039a2c41296fcb3f5640
2025-12-11,1008930020.1011436,504465.0100505718,130877784.52481812,0x88e6a0c2ddd26feeb64f039a2c41296fcb3f5640
2025-12-12,457532696.8322728,228766.34841613643,127799326.74384078,0x88e6a0c2ddd26feeb64f039a2c41296fcb3f5640
2025-12-13,983382920.1713408,491691.46008567035,129613510.43037236,0x88e6a0c2ddd26feeb64f039a2c41296fcb3f5640
2025-12-14,699112246.0476649,349556.12302383245,129070952.85138588,0x88e6a0c2ddd26feeb64f039a2c41296fcb3f5640
2025-12-15,1007068703.6394068,503534.3518197035,130219668.92683443,0x88e6a0c2ddd26feeb64f039a2c41296fcb3f5640
2025-12-16,720662408.3179003,360331.20415895013,130950502.53058334,0x88e6a0c2ddd26feeb64f039a2c41296fcb3f5640
2025-12-17,593842358.6250482,296921.1793125241,127265804.26721217,0x88e6a0c2ddd26feeb64f039a2c41296fcb3f5640
2025-12-18,818341065.1290213,409170.53256451065,126107216.41045348,0x88e6a0c2ddd26feeb64f039a2c41296fcb3f5640
2025-12-19,505066047.70346624,252533.02385173313,127781312.42027985,0x88e6a0c2ddd26feeb64f039a2c41296fcb3f5640
2025-12-20,750880107.1195482,375440.0535597741,129197463.67907982,0x88e6a0c2ddd26feeb64f039a2c41296fcb3f5640
2025-12-21,917434254.436893,458717.1272184465,130463640.31800342,0x88e6a0c2ddd26feeb64f039a2c41296fcb3f5640
2025-12-22,841209184.6875503,420604.59234377515,132082877.02146517,0x88e6a0c2ddd26feeb64f039a2c41296fcb3f5640
2025-12-23,724351701.6107775,362175.8508053888,134266500.42196724,0x88e6a0c2ddd26feeb64f039a2c41296fcb3f5640
2025-12-24,525753875.57737446,262876.93778868724,138110665.42535827,0x88e6a0c2ddd26feeb64f039a2c41296fcb3f5640
2025-12-25,656399954.9106035,328199.9774553018,132953566.6981246,0x88e6a0c2ddd26feeb64f039a2c41296fcb3f5640
2025-12-26,1114578636.3318028,557289.3181659015,132430646.2139404,0x88e6a0c2ddd26feeb64f039a2c41296fcb3f5640
2025-12-27,750076912.0972662,375038.4560486331,132014721.99133386,0x88e6a0c2ddd26feeb64f039a2c41296fcb3f5640
2025-12-28,1058412492.28731,529206.246143655,128156987.7092472,0x88e6a0c2ddd26feeb64f039a2c41296fcb3f5640
2025-12-29,560284173.4583503,280142.0867291752,127974653.39307116,0x88e6a0c2ddd26feeb64f039a2c41296fcb3f5640
2025-12-30,848996318.549077,424498.1592745385,130572383.04138762,0x88e6a0c2ddd26feeb64f039a2c41296fcb3f5640
2025-12-31,787261481.9845436,393630.7409922718,129594500.69918215,0x88e6a0c2ddd26feeb64f039a2c41296fcb3f5640
2026-01-01,985765258.3107772,492882.6291553886,128944925.76569064,0x88e6a0c2ddd26feeb64f039a2c41296fcb3f5640
2026-01-02,822687062.86903,411343.531434515,131806840.41092367,0x88e6a0c2ddd26feeb64f039a2c41296fcb3f5640
2026-01-03,964459682.4078096,482229.8412039048,130340987.27119105,0x88e6a0c2ddd26feeb64f039a2c41296fcb3f5640
2026-01-04,896872679.8966523,448436.3399483262,128830531.65497132,0x88e6a0c2ddd26feeb64f039a2c41296fcb3f5640
2026-01-05,573055303.9803268,286527.6519901634,132947851.53526051,0x88e6a0c2ddd26feeb64f039a2c41296fcb3f5640
2026-01-06,567915286.9188287,283957.64345941436,138529571.4181325,0x88e6a0c2ddd26feeb64f039a2c41296fcb3f5640
2026-01-07,870035350.4106381,435017.6752053191,136291658.50769654,0x88e6a0c2ddd26feeb64f039a2c41296fcb3f5640
2026-01-08,684409029.8583903,342204.51492919517,138590804.2597559,0x88e6a0c2ddd26feeb64f039a2c41296fcb3f5640
2026-01-09,635552270.5148,317776.1352574,136021510.90353456,0x88e6a0c2ddd26feeb64f039a2c41296fcb3f5640
2026-01-10,585618687.8935881,292809.34394679405,135188830.78396404,0x88e6a0c2ddd26feeb64f039a2c41296fcb3f5640
2026-01-11,1006794208.1617138,503397.10408085695,134846464.37173775,0x88e6a0c2ddd26feeb64f039a2c41296fcb3f5640
2026-01-12,834480717.620071,417240.3588100355,141690479.28722692,0x88e6a0c2ddd26feeb64f039a2c41296fcb3f5640
2026-01-13,548176796.5133191,274088.39825665957,145170103.2201436,0x88e6a0c2ddd26feeb64f039a2c41296fcb3f5640
2026-01-14,643076419.679156,321538.20983957796,145874253.7679173,0x88e6a0c2ddd26feeb64f039a2c41296fcb3f5640
2026-01-15,828055222.627744,414027.611313872,144145928.1071983,0x88e6a0c2ddd26feeb64f039a2c41296fcb3f5640
2026-01-16,812248170.8772949,406124.0854386475,150756438.73154256,0x88e6a0c2ddd26feeb64f039a2c41296fcb3f5640
2026-01-17,837276665.5504147,418638.33277520735,149845265.31720123,0x88e6a0c2ddd26feeb64f039a2c41296fcb3f5640
2026-01-18,589716716.2127305,294858.35810636525,153990983.82120955,0x88e6a0c2ddd26feeb64f039a2c41296fcb3f5640
2026-01-19,1173757946.95001,586878.973475005,153053575.75772592,0x88e6a0c2ddd26feeb64f039a2c41296fcb3f5640
2026-01-20,785680670.226661,392840.3351133305,148230056.42865282,0x88e6a0c2ddd26feeb64f039a2c41296fcb3f5640
2026-01-21,967790316.0759876,483895.1580379939,148711453.21231106,0x88e6a0c2ddd26feeb64f039a2c41296fcb3f5640
2026-01-22,1035710166.122197,517855.0830610985,145087863.06399685,0x88e6a0c2ddd26feeb64f039a2c41296fcb3f5640
2026-01-23,777829162.346039,388914.58117301954,143556547.88406268,0x88e6a0c2ddd26feeb64f039a2c41296fcb3f5640
2026-01-24,804521134.6652074,402260.5673326037,144417485.93377537,0x88e6a0c2ddd26feeb64f039a2c41296fcb3f5640
2026-01-25,897563625.3483235,448781.81267416175,147522961.4974946,0x88e6a0c2ddd26feeb64f039a2c41296fcb3f5640
2026-01-26,692041121.3549137,346020.56067745684,150229098.38429138,0x88e6a0c2ddd26feeb64f039a2c41296fcb3f5640
2026-01-27,759877890.6759765,379938.94533798826,149753407.7057863,0x88e6a0c2ddd26feeb64f039a2c41296fcb3f5640
2026-01-28,684102081.193333,342051.0405966665,148279456.93278772,0x88e6a0c2ddd26feeb64f039a2c41296fcb3f5640
2026-01-29,700022198.5635109,350011.09928175545,158788795.27676287,0x88e6a0c2ddd26feeb64f039a2c41296fcb3f5640
2026-01-30,845667685.907062,422833.842953531,156214953.44502085,0x88e6a0c2ddd26feeb64f039a2c41296fcb3f5640
2026-01-31,678624159.4972959,339312.0797486479,157043143.10216153,0x88e6a0c2ddd26feeb64f039a2c41296fcb3f5640
2025-02-01,47239662.42836513,141718.9872850954,153209405.51165003,0x8ad599c3a0eb1ed45050bb3064a26174943575c3
2025-02-02,47554494.765216954,142663.48429565085,148036799.83299857,0x8ad599c3a0eb1ed45050bb3064a26174943575c3
2025-02-03,16517193.46766859,49551.58040300577,150436668.77438107,0x8ad599c3a0eb1ed45050bb3064a26174943575c3
2025-02-04,33874873.00381215,101624.61901143644,154516491.8333498,0x8ad599c3a0eb1ed45050bb3064a26174943575c3
2025-02-05,56416148.46338589,169248.44539015766,157406967.48999962,0x8ad599c3a0eb1ed45050bb3064a26174943575c3
2025-02-06,56950372.68068277,170851.11804204833,156595480.44762713,0x8ad599c3a0eb1ed45050bb3064a26174943575c3
2025-02-07,64570785.38272669,193712.3561481801,150265522.8702364,0x8ad599c3a0eb1ed45050bb3064a26174943575c3
2025-02-08,51791159.62367803,155373.47887103408,147449126.0013765,0x8ad599c3a0eb1ed45050bb3064a26174943575c3
2025-02-09,59437671.741526544,178313.01522457963,146682870.63360506,0x8ad599c3a0eb1ed45050bb3064a26174943575c3
2025-02-10,52272772.051882744,156818.31615564824,144189550.3819399,0x8ad599c3a0eb1ed45050bb3064a26174943575c3
2025-02-11,42184527.60423486,126553.58281270458,147765508.61625618,0x8ad599c3a0eb1ed45050bb3064a26174943575c3
2025-02-12,55586639.351662695,166759.91805498808,146566998.8145159,0x8ad599c3a0eb1ed45050bb3064a26174943575c3
2025-02-13,47219285.02528314,141657.85507584942,148908715.05921614,0x8ad599c3a0eb1ed45050bb3064a26174943575c3
2025-02-14,53986173.19362474,161958.51958087424,153403012.97978568,0x8ad599c3a0eb1ed45050bb3064a26174943575c3
2025-02-15,34606957.86255031,103820.87358765092,157294349.54300538,0x8ad599c3a0eb1ed45050bb3064a26174943575c3
2025-02-16,59874257.06868705,179622.77120606115,154838095.2983621,0x8ad599c3a0eb1ed45050bb3064a26174943575c3
2025-02-17,52651457.28980235,157954.37186940704,158534395.91653323,0x8ad599c3a0eb1ed45050bb3064a26174943575c3
2025-02-18,56001937.03478718,168005.81110436155,154627793.90878513,0x8ad599c3a0eb1ed45050bb3064a26174943575c3
2025-02-19,22067280.11066429,66201.84033199288,150217134.91028005,0x8ad599c3a0eb1ed45050bb3064a26174943575c3
2025-02-20,55310509.8299518,165931.5294898554,142058082.74233064,0x8ad599c3a0eb1ed45050bb3064a26174943575c3
2025-02-21,73934326.4611574,221802.9793834722,146985080.53336516,0x8ad599c3a0eb1ed45050bb3064a26174943575c3
2025-02-22,71395983.80320354,214187.95140961063,155771170.16870007,0x8ad599c3a0eb1ed45050bb3064a26174943575c3
2025-02-23,42225141.786891,126675.425360673,153312877.0013757,0x8ad599c3a0eb1ed45050bb3064a26174943575c3
2025-02-24,55241175.033136755,165723.52509941027,160756077.15459052,0x8ad599c3a0eb1ed45050bb3064a26174943575c3
2025-02-25,54780522.57930661,164341.56773791983,162110844.77537027,0x8ad599c3a0eb1ed45050bb3064a26174943575c3
2025-02-26,50878893.54045671,152636.68062137015,160054461.605595,0x8ad599c3a0eb1ed45050bb3064a26174943575c3
2025-02-27,38509708.72864174,115529.12618592524,158907526.3703667,0x8ad599c3a0eb1ed45050bb3064a26174943575c3
2025-02-28,36293139.41488838,108879.41824466515,155118518.3627323,0x8ad599c3a0eb1ed45050bb3064a26174943575c3
2025-03-01,53791426.38453408,161374.27915360226,157906514.00151932,0x8ad599c3a0eb1ed45050bb3064a26174943575c3
2025-03-02,46058509.209892265,138175.5276296768,162523266.52297086,0x8ad599c3a0eb1ed45050bb3064a26174943575c3
2025-03-03,54633500.447879426,163900.5013436383,160359481.55766046,0x8ad599c3a0eb1ed45050bb3064a26174943575c3
2025-03-04,31153623.606415957,93460.87081924788,158117450.6907196,0x8ad599c3a0eb1ed45050bb3064a26174943575c3
2025-03-05,50599561.41607891,151798.68424823674,161291830.57212353,0x8ad599c3a0eb1ed45050bb3064a26174943575c3
2025-03-06,55970435.42920495,167911.30628761486,159895261.22265968,0x8ad599c3a0eb1ed45050bb3064a26174943575c3
2025-03-07,48483637.42938741,145450.91228816225,165859616.84406558,0x8ad599c3a0eb1ed45050bb3064a26174943575c3
2025-03-08,40170346.69432179,120511.04008296537,167521960.0509998,0x8ad599c3a0eb1ed45050bb3064a26174943575c3
2025-03-09,62783901.63718882,188351.70491156648,166945292.04761428,0x8ad599c3a0eb1ed45050bb3064a26174943575c3
2025-03-10,37990181.58229625,113970.54474688876,166934799.53748748,0x8ad599c3a0eb1ed45050bb3064a26174943575c3
2025-03-11,61512797.363381565,184538.39209014468,162228571.3015584,0x8ad599c3a0eb1ed45050bb3064a26174943575c3
2025-03-12,46181200.32364757,138543.60097094273,165177287.00493214,0x8ad599c3a0eb1ed45050bb3064a26174943575c3
2025-03-13,48244933.00828004,144734.79902484012,168307532.04101837,0x8ad599c3a0eb1ed45050bb3064a26174943575c3
2025-03-14,37332082.813776545,111996.24844132963,170788065.4065964,0x8ad599c3a0eb1ed45050bb3064a26174943575c3
2025-03-15,54176297.39226581,162528.8921767974,167433979.29267132,0x8ad599c3a0eb1ed45050bb3064a26174943575c3
2025-03-16,50698100.13406313,152094.3004021894,167039098.26595888,0x8ad599c3a0eb1ed45050bb3064a26174943575c3
2025-03-17,50214489.89625016,150643.46968875048,165707432.69149682,0x8ad599c3a0eb1ed45050bb3064a26174943575c3
2025-03-18,56545765.12198657,169637.2953659597,165852535.91330668,0x8ad599c3a0eb1ed45050bb3064a26174943575c3
2025-03-19,55302919.57372086,165908.75872116257,165585820.79390544,0x8ad599c3a0eb1ed45050bb3064a26174943575c3
2025-03-20,62221599.05932012,186664.79717796037,167629763.97558776,0x8ad599c3a0eb1ed45050bb3064a26174943575c3
2025-03-21,57356483.98450877,172069.4519535263,163950178.6627961,0x8ad599c3a0eb1ed45050bb3064a26174943575c3
2025-03-22,39510367.51217783,118531.1025365335,162590618.54718715,0x8ad599c3a0eb1ed45050bb3064a26174943575c3
2025-03-23,52546617.86284535,157639.85358853603,163800310.1570521,0x8ad599c3a0eb1ed45050bb3064a26174943575c3
2025-03-24,52937878.39582565,158813.63518747693,158674527.30016452,0x8ad599c3a0eb1ed45050bb3064a26174943575c3
2025-03-25,63805503.50052486,191416.5105015746,163932910.82231882,0x8ad599c3a0eb1ed45050bb3064a26174943575c3
2025-03-26,53732627.9641979,161197.8838925937,164676515.443772,0x8ad599c3a0eb1ed45050bb3064a26174943575c3
2025-03-27,44005046.56505835,132015.13969517505,166562870.2860915,0x8ad599c3a0eb1ed45050bb3064a26174943575c3
2025-03-28,54625351.42225059,163876.05426675177,160677724.276413,0x8ad599c3a0eb1ed45050bb3064a26174943575c3
2025-03-29,34858127.64531399,104574.38293594198,159680045.10864222,0x8ad599c3a0eb1ed45050bb3064a26174943575c3
2025-03-30,43354562.882377736,130063.6886471332,162678899.77901745,0x8ad599c3a0eb1ed45050bb3064a26174943575c3
2025-03-31,46325233.5857064,138975.7007571192,163373287.82570532,0x8ad599c3a0eb1ed45050bb3064a26174943575c3
2025-04-01,44163904.499668814,132491.71349900644,162802142.97283846,0x8ad599c3a0eb1ed45050bb3064a26174943575c3
2025-04-02,47814637.61410794,143443.9128423238,162906957.7476723,0x8ad599c3a0eb1ed45050bb3064a26174943575c3
2025-04-03,56888342.05342058,170665.02616026174,163571165.28942397,0x8ad599c3a0eb1ed45050bb3064a26174943575c3
2025-04-04,48543725.62663056,145631.1768798917,166731484.06220347,0x8ad599c3a0eb1ed45050bb3064a26174943575c3
2025-04-05,32463343.905841045,97390.03171752312,169418766.01575133,0x8ad599c3a0eb1ed45050bb3064a26174943575c3
2025-04-06,53593938.65459915,160781.81596379747,165818753.9126019,0x8ad599c3a0eb1ed45050bb3064a26174943575c3
2025-04-07,56637376.191036806,169912.1285731104,162662143.00740072,0x8ad599c3a0eb1ed45050bb3064a26174943575c3
2025-04-08,57952024.91298048,173856.07473894145,167387731.24855158,0x8ad599c3a0eb1ed45050bb3064a26174943575c3
2025-04-09,63923191.643184185,191769.57492955256,171773887.84106395,0x8ad599c3a0eb1ed45050bb3064a26174943575c3
2025-04-10,51392692.51533345,154178.07754600036,172462080.60972714,0x8ad599c3a0eb1ed45050bb3064a26174943575c3
2025-04-11,64722612.64030903,194167.8379209271,174085610.527581,0x8ad599c3a0eb1ed45050bb3064a26174943575c3
2025-04-12,43981432.21054504,131944.29663163514,174955739.58709425,0x8ad599c3a0eb1ed45050bb3064a26174943575c3
2025-04-13,48267548.67096916,144802.64601290747,168427599.87514493,0x8ad599c3a0eb1ed45050bb3064a26174943575c3
2025-04-14,60972295.9131938,182916.8877395814,168304629.6782999,0x8ad599c3a0eb1ed45050bb3064a26174943575c3
2025-04-15,65496841.89195276,196490.52567585828,168613869.59234428,0x8ad599c3a0eb1ed45050bb3064a26174943575c3
2025-04-16,37025158.08966721,111075.47426900164,169798348.90424734,0x8ad599c3a0eb1ed45050bb3064a26174943575c3
2025-04-17,45946914.58924955,137840.74376774865,169319716.46577308,0x8ad599c3a0eb1ed45050bb3064a26174943575c3
2025-04-18,51038384.249830306,153115.15274949092,168798696.54705667,0x8ad599c3a0eb1ed45050bb3064a26174943575c3
2025-04-19,51034986.27561483,153104.9588268445,175482829.98403704,0x8ad599c3a0eb1ed45050bb3064a26174943575c3
2025-04-20,65871275.4798097,197613.8264394291,175954280.58884606,0x8ad599c3a0eb1ed45050bb3064a26174943575c3
2025-04-21,56988416.08012175,170965.24824036524,176718268.00173524,0x8ad599c3a0eb1ed45050bb3064a26174943575c3
2025-04-22,51328211.03979587,153984.6331193876,176085601.0993493,0x8ad599c3a0eb1ed45050bb3064a26174943575c3
2025-04-23,51746760.50532935,155240.28151598806,176428705.21640468,0x8ad599c3a0eb1ed45050bb3064a26174943575c3
2025-04-24,58407738.7389437,175223.21621683112,176032314.60306856,0x8ad599c3a0eb1ed45050bb3064a26174943575c3
2025-04-25,66529609.459680736,199588.8283790422,172203689.82932362,0x8ad599c3a0eb1ed45050bb3064a26174943575c3
2025-04-26,56459329.56613375,169377.98869840126,167445465.98461676,0x8ad599c3a0eb1ed45050bb3064a26174943575c3
2025-04-27,49682381.24770859,149047.14374312578,169117364.93403175,0x8ad599c3a0eb1ed45050bb3064a26174943575c3
2025-04-28,60156419.07374275,180469.25722122824,162534504.41453034,0x8ad599c3a0eb1ed45050bb3064a26174943575c3
2025-04-29,65690829.29855215,197072.48789565644,163990418.35996032,0x8ad599c3a0eb1ed45050bb3064a26174943575c3
2025-04-30,35614411.60139693,106843.2348041908,165712315.72677764,0x8ad599c3a0eb1ed45050bb3064a26174943575c3
2025-05-01,36765305.23840039,110295.91571520118,168386145.2005073,0x8ad599c3a0eb1ed45050bb3064a26174943575c3
2025-05-02,52851456.45792222,158554.36937376668,169212465.3050029,0x8ad599c3a0eb1ed45050bb3064a26174943575c3
2025-05-03,61268846.39517552,183806.53918552655,167683790.48628867,0x8ad599c3a0eb1ed45050bb3064a26174943575c3
2025-05-04,39688287.0976978,119064.8612930934,167596115.47296232,0x8ad599c3a0eb1ed45050bb3064a26174943575c3
2025-05-05,48119898.337447114,144359.69501234134,163998748.24670333,0x8ad599c3a0eb1ed45050bb3064a26174943575c3
2025-05-06,46078011.84194512,138234.03552583535,164239690.1228716,0x8ad599c3a0eb1ed45050bb3064a26174943575c3
2025-05-07,45757730.6953084,137273.1920859252,168111076.53428215,0x8ad599c3a0eb1ed45050bb3064a26174943575c3
2025-05-08,56759183.60689893,170277.5508206968,168465176.88705438,0x8ad599c3a0eb1ed45050bb3064a26174943575c3
2025-05-09,58752598.156057626,176257.79446817288,165725432.33470514,0x8ad599c3a0eb1ed45050bb3064a26174943575c3
2025-05-10,57118796.19699753,171356.3885909926,163855403.7870382,0x8ad599c3a0eb1ed45050bb3064a26174943575c3
2025-05-11,59664415.971136965,178993.2479134109,162320582.5724325,0x8ad599c3a0eb1ed45050bb3064a26174943575c3
2025-05-12,46199384.61745444,138598.15385236332,163850526.8375572,0x8ad599c3a0eb1ed45050bb3064a26174943575c3
2025-05-13,44822537.86439714,134467.61359319143,165874504.07987642,0x8ad599c3a0eb1ed45050bb3064a26174943575c3
2025-05-14,42681718.27134697,128045.15481404091,166552516.8101713,0x8ad599c3a0eb1ed45050bb3064a26174943575c3
2025-05-15,44722907.840115234,134168.7235203457,164719889.72631818,0x8ad599c3a0eb1ed45050bb3064a26174943575c3
2025-05-16,40677520.80942519,122032.56242827556,169483560.47426045,0x8ad599c3a0eb1ed45050bb3064a26174943575c3
2025-05-17,40018929.413471244,120056.78824041372,170869534.26435715,0x8ad599c3a0eb1ed45050bb3064a26174943575c3
2025-05-18,56646305.93678517,169938.91781035552,168134832.41245013,0x8ad599c3a0eb1ed45050bb3064a26174943575c3
2025-05-19,68531552.85254051,205594.65855762153,172982693.7669313,0x8ad599c3a0eb1ed45050bb3064a26174943575c3
2025-05-20,35319791.083819784,105959.37325145936,169377295.6495027,0x8ad599c3a0eb1ed45050bb3064a26174943575c3
2025-05-21,47829859.14372658,143489.57743117973,170625121.6623167,0x8ad599c3a0eb1ed45050bb3064a26174943575c3
2025-05-22,44998702.1354941,134996.1064064823,176161916.07134095,0x8ad599c3a0eb1ed45050bb3064a26174943575c3
2025-05-23,68367302.11233707,205101.9063370112,180331562.95227605,0x8ad599c3a0eb1ed45050bb3064a26174943575c3
2025-05-24,57161476.3152868,171484.42894586042,177691034.39418972,0x8ad599c3a0eb1ed45050bb3064a26174943575c3
2025-05-25,47352124.29623116,142056.37288869347,174147836.2038275,0x8ad599c3a0eb1ed45050bb3064a26174943575c3
2025-05-26,62957816.81498769,188873.45044496303,172943167.5573599,0x8ad599c3a0eb1ed45050bb3064a26174943575c3
2025-05-27,48697503.96228777,146092.5118868633,170845088.2264088,0x8ad599c3a0eb1ed45050bb3064a26174943575c3
2025-05-28,65378241.16205806,196134.7234861742,168199903.39250174,0x8ad599c3a0eb1ed45050bb3064a26174943575c3
2025-05-29,50974122.61095854,152922.3678328756,168109732.46452716,0x8ad599c3a0eb1ed45050bb3064a26174943575c3
2025-05-30,53746579.88413633,161239.739652409,169758108.43232766,0x8ad599c3a0eb1ed45050bb3064a26174943575c3
2025-05-31,58258632.85382178,174775.89856146532,165995700.96510968,0x8ad599c3a0eb1ed45050bb3064a26174943575c3
2025-06-01,51633197.6865121,154899.5930595363,158665082.42362833,0x8ad599c3a0eb1ed45050bb3064a26174943575c3
2025-06-02,62429619.308415465,187288.8579252464,154292621.73267287,0x8ad599c3a0eb1ed45050bb3064a26174943575c3
2025-06-03,44694767.77372378,134084.30332117135,153830019.2300302,0x8ad599c3a0eb1ed45050bb3064a26174943575c3
2025-06-04,54226902.41221023,162680.7072366307,158506025.6944317,0x8ad599c3a0eb1ed45050bb3064a26174943575c3
2025-06-05,33052242.483993106,99156.72745197931,159358640.59678417,0x8ad599c3a0eb1ed45050bb3064a26174943575c3
2025-06-06,52407894.40279861,157223.6832083958,155250881.69415876,0x8ad599c3a0eb1ed45050bb3064a26174943575c3
2025-06-07,60834259.51473991,182502.7785442197,156809033.97401077,0x8ad599c3a0eb1ed45050bb3064a26174943575c3
2025-06-08,48783585.6933249,146350.75707997472,154763545.44611925,0x8ad599c3a0eb1ed45050bb3064a26174943575c3
2025-06-09,54951315.62833765,164853.94688501296,147762105.02573285,0x8ad599c3a0eb1ed45050bb3064a26174943575c3
2025-06-10,45893916.25301846,137681.7487590554,151898620.71638915,0x8ad599c3a0eb1ed45050bb3064a26174943575c3
2025-06-11,57241408.05277711,171724.22415833134,152511408.2361567,0x8ad599c3a0eb1ed45050bb3064a26174943575c3
2025-06-12,51252089.79736362,153756.26939209085,147793283.37015417,0x8ad599c3a0eb1ed45050bb3064a26174943575c3
2025-06-13,40493623.08291571,121480.86924874716,149196103.62477314,0x8ad599c3a0eb1ed45050bb3064a26174943575c3
2025-06-14,45303345.30448681,135910.03591346042,152746469.88063732,0x8ad599c3a0eb1ed45050bb3064a26174943575c3
2025-06-15,67225281.27424695,201675.84382274083,147924292.9292251,0x8ad599c3a0eb1ed45050bb3064a26174943575c3
2025-06-16,56093642.68194986,168280.92804584958,144812544.9596741,0x8ad599c3a0eb1ed45050bb3064a26174943575c3
2025-06-17,54098031.01744416,162294.09305233246,144520042.9503255,0x8ad599c3a0eb1ed45050bb3064a26174943575c3
2025-06-18,31236612.124472424,93709.83637341727,144931637.6468507,0x8ad599c3a0eb1ed45050bb3064a26174943575c3
2025-06-19,53630953.66382529,160892.86099147587,146316889.27728748,0x8ad599c3a0eb1ed45050bb3064a26174943575c3
2025-06-20,47595083.0436416,142785.2491309248,151436740.91962242,0x8ad599c3a0eb1ed45050bb3064a26174943575c3
2025-06-21,45419839.60322098,136259.51880966293,146283093.91493356,0x8ad599c3a0eb1ed45050bb3064a26174943575c3
2025-06-22,47332601.58939685,141997.80476819054,144085012.08218578,0x8ad599c3a0eb1ed45050bb3064a26174943575c3
2025-06-23,37381240.66548317,112143.72199644952,145497586.7544842,0x8ad599c3a0eb1ed45050bb3064a26174943575c3
2025-06-24,55097441.942297176,165292.32582689152,149232765.97018906,0x8ad599c3a0eb1ed45050bb3064a26174943575c3
2025-06-25,39375350.56159338,118126.05168478016,152408365.65944603,0x8ad599c3a0eb1ed45050bb3064a26174943575c3
2025-06-26,53632149.275367625,160896.44782610287,154253685.6161132,0x8ad599c3a0eb1ed45050bb3064a26174943575c3
2025-06-27,66432352.10362592,199297.0563108778,152892593.30197173,0x8ad599c3a0eb1ed45050bb3064a26174943575c3
2025-06-28,62884546.00213168,188653.63800639505,150970677.7238992,0x8ad599c3a0eb1ed45050bb3064a26174943575c3
2025-06-29,54844126.17821793,164532.3785346538,146608830.4642326,0x8ad599c3a0eb1ed45050bb3064a26174943575c3
2025-06-30,49058027.12721043,147174.0813816313,146278529.31075054,0x8ad599c3a0eb1ed45050bb3064a26174943575c3
2025-07-01,49329422.40704331,147988.26722112994,146127037.57363495,0x8ad599c3a0eb1ed45050bb3064a26174943575c3
2025-07-02,48512813.2425731,145538.4397277193,147056588.54927415,0x8ad599c3a0eb1ed45050bb3064a26174943575c3
2025-07-03,45368930.919336185,136106.79275800855,150072510.62445968,0x8ad599c3a0eb1ed45050bb3064a26174943575c3
2025-07-04,63829604.27338207,191488.8128201462,146375681.90606883,0x8ad599c3a0eb1ed45050bb3064a26174943575c3
2025-07-05,52599615.919757016,157798.84775927104,143203639.39787787,0x8ad599c3a0eb1ed45050bb3064a26174943575c3
2025-07-06,62482688.08710292,187448.06426130875,145221870.6725005,0x8ad599c3a0eb1ed45050bb3064a26174943575c3
2025-07-07,45057353.69798395,135172.06109395187,144225157.9709327,0x8ad599c3a0eb1ed45050bb3064a26174943575c3
2025-07-08,55156166.49919196,165468.4994975759,146563744.71705782,0x8ad599c3a0eb1ed45050bb3064a26174943575c3
2025-07-09,50603525.79816859,151810.5773945058,148581341.7071338,0x8ad599c3a0eb1ed45050bb3064a26174943575c3
2025-07-10,59810365.037177384,179431.09511153217,152914467.77870184,0x8ad599c3a0eb1ed45050bb3064a26174943575c3
2025-07-11,51515576.3594207,154546.7290782621,157854069.76494402,0x8ad599c3a0eb1ed45050bb3064a26174943575c3
2025-07-12,50391142.914099395,151173.4287422982,156947640.70509997,0x8ad599c3a0eb1ed45050bb3064a26174943575c3
2025-07-13,38852709.46366635,116558.12839099905,160284090.1435451,0x8ad599c3a0eb1ed45050bb3064a26174943575c3
2025-07-14,47721141.504536495,143163.4245136095,155164769.34528327,0x8ad599c3a0eb1ed45050bb3064a26174943575c3
2025-07-15,24319651.85799094,72958.95557397282,153374453.34487963,0x8ad599c3a0eb1ed45050bb3064a26174943575c3
2025-07-16,51306557.59832808,153919.67279498425,156032594.292459,0x8ad599c3a0eb1ed45050bb3064a26174943575c3
2025-07-17,59626432.933761984,178879.29880128594,158275350.86704683,0x8ad599c3a0eb1ed45050bb3064a26174943575c3
2025-07-18,47789734.243835166,143369.2027315055,152710613.2749871,0x8ad599c3a0eb1ed45050bb3064a26174943575c3
2025-07-19,47322388.9138558,141967.1667415674,153945643.38365564,0x8ad599c3a0eb1ed45050bb3064a26174943575c3
2025-07-20,58327859.509947225,174983.57852984167,156164948.30326745,0x8ad599c3a0eb1ed45050bb3064a26174943575c3
2025-07-21,49554376.312906325,148663.128938719,159320370.24486795,0x8ad599c3a0eb1ed45050bb3064a26174943575c3
2025-07-22,53004015.72774777,159012.0471832433,166858563.79016063,0x8ad599c3a0eb1ed45050bb3064a26174943575c3
2025-07-23,48952755.22708068,146858.26568124205,163894800.37027264,0x8ad599c3a0eb1ed45050bb3064a26174943575c3
2025-07-24,66111372.35616983,198334.11706850948,165105719.5798796,0x8ad599c3a0eb1ed45050bb3064a26174943575c3
2025-07-25,49349021.24937467,148047.06374812403,162384207.86232898,0x8ad599c3a0eb1ed45050bb3064a26174943575c3
2025-07-26,40257818.11882966,120773.454356489,162310128.33426473,0x8ad599c3a0eb1ed45050bb3064a26174943575c3
2025-07-27,51278018.19511296,153834.0545853389,163376373.21713805,0x8ad599c3a0eb1ed45050bb3064a26174943575c3
2025-07-28,44481931.3376043,133445.7940128129,161977612.5202747,0x8ad599c3a0eb1ed45050bb3064a26174943575c3
2025-07-29,41086701.0988925,123260.10329667752,161791883.44727245,0x8ad599c3a0eb1ed45050bb3064a26174943575c3
2025-07-30,42278874.03041181,126836.62209123543,162238608.16893336,0x8ad599c3a0eb1ed45050bb3064a26174943575c3
2025-07-31,37163079.37544886,111489.23812634658,160918424.37378696,0x8ad599c3a0eb1ed45050bb3064a26174943575c3
2025-08-01,49834404.938811995,149503.214816436,151700486.97477362,0x8ad599c3a0eb1ed45050bb3064a26174943575c3
2025-08-02,35394830.04962886,106184.4901488866,147156676.99087012,0x8ad599c3a0eb1ed45050bb3064a26174943575c3
2025-08-03,56617057.12997356,169851.1713899207,148300046.3382136,0x8ad599c3a0eb1ed45050bb3064a26174943575c3
2025-08-04,43675645.27708791,131026.93583126372,153006861.9496159,0x8ad599c3a0eb1ed45050bb3064a26174943575c3
2025-08-05,61945802.23821784,185837.4067146535,149785271.82367873,0x8ad599c3a0eb1ed45050bb3064a26174943575c3
2025-08-06,59470788.78816067,178412.366364482,151397518.842814,0x8ad599c3a0eb1ed45050bb3064a26174943575c3
2025-08-07,39109210.74490217,117327.63223470651,149012377.29382592,0x8ad599c3a0eb1ed45050bb3064a26174943575c3
2025-08-08,42095853.70994232,126287.56112982697,146819588.45632955,0x8ad599c3a0eb1ed45050bb3064a26174943575c3
2025-08-09,33816321.04971723,101448.9631491517,145056380.2658944,0x8ad599c3a0eb1ed45050bb3064a26174943575c3
2025-08-10,57664843.11611838,172994.52934835514,146542214.5134112,0x8ad599c3a0eb1ed45050bb3064a26174943575c3
2025-08-11,70193845.29884715,210581.53589654143,146421995.3571443,0x8ad599c3a0eb1ed45050bb3064a26174943575c3
2025-08-12,30487564.779971417,91462.69433991423,147590919.27813214,0x8ad599c3a0eb1ed45050bb3064a26174943575c3
2025-08-13,49076819.68592819,147230.45905778458,146256725.4167927,0x8ad599c3a0eb1ed45050bb3064a26174943575c3
2025-08-14,52598954.96347523,157796.8648904257,145710364.53317788,0x8ad599c3a0eb1ed45050bb3064a26174943575c3
2025-08-15,40733122.99442609,122199.36898327828,146470039.3343284,0x8ad599c3a0eb1ed45050bb3064a26174943575c3
2025-08-16,45241106.86231789,135723.32058695366,147559342.4653308,0x8ad599c3a0eb1ed45050bb3064a26174943575c3
2025-08-17,62753826.41699849,188261.47925099547,144279767.41056213,0x8ad599c3a0eb1ed45050bb3064a26174943575c3
2025-08-18,53426899.4633216,160280.6983899648,144883752.00842327,0x8ad599c3a0eb1ed45050bb3064a26174943575c3
2025-08-19,35611007.312196836,106833.0219365905,147107379.67539075,0x8ad599c3a0eb1ed45050bb3064a26174943575c3
2025-08-20,56461985.81014373,169385.9574304312,143114434.31869867,0x8ad599c3a0eb1ed45050bb3064a26174943575c3
2025-08-21,36595633.18111684,109786.89954335052,143787083.34670374,0x8ad599c3a0eb1ed45050bb3064a26174943575c3
2025-08-22,62370716.144821,187112.14843446304,141911158.33712137,0x8ad599c3a0eb1ed45050bb3064a26174943575c3
2025-08-23,45808794.386781074,137426.38316034322,143570620.43065676,0x8ad599c3a0eb1ed45050bb3064a26174943575c3
2025-08-24,49938030.03087949,149814.09009263848,145569338.52863607,0x8ad599c3a0eb1ed45050bb3064a26174943575c3
2025-08-25,36980954.87128422,110942.86461385264,143982952.2877944,0x8ad599c3a0eb1ed45050bb3064a26174943575c3
2025-08-26,43314561.73845516,129943.68521536548,140662176.31124055,0x8ad599c3a0eb1ed45050bb3064a26174943575c3
2025-08-27,45490990.28212776,136472.97084638328,138027615.6210449,0x8ad599c3a0eb1ed45050bb3064a26174943575c3
2025-08-28,47998023.67342437,143994.0710202731,141709250.09808427,0x8ad599c3a0eb1ed45050bb3064a26174943575c3
2025-08-29,47096735.0486168,141290.2051458504,140929676.16318345,0x8ad599c3a0eb1ed45050bb3064a26174943575c3
2025-08-30,50119599.48206864,150358.7984462059,141526259.10273388,0x8ad599c3a0eb1ed45050bb3064a26174943575c3
2025-08-31,52383369.48070651,157150.10844211956,140458547.5395573,0x8ad599c3a0eb1ed45050bb3064a26174943575c3
2025-09-01,50770404.06716648,152311.21220149944,139375719.8695735,0x8ad599c3a0eb1ed45050bb3064a26174943575c3
2025-09-02,39795719.87250293,119387.1596175088,138788390.71028686,0x8ad599c3a0eb1ed45050bb3064a26174943575c3
2025-09-03,52268091.40270118,156804.27420810354,139696408.97711387,0x8ad599c3a0eb1ed45050bb3064a26174943575c3
2025-09-04,50282875.42746909,150848.62628240726,139250851.2281085,0x8ad599c3a0eb1ed45050bb3064a26174943575c3
2025-09-05,39973497.35348541,119920.49206045624,141348266.62814206,0x8ad599c3a0eb1ed45050bb3064a26174943575c3
2025-09-06,46009401.70849524,138028.20512548572,145404633.68983182,0x8ad599c3a0eb1ed45050bb3064a26174943575c3
2025-09-07,36658727.28758266,109976.18186274798,145253429.33626792,0x8ad599c3a0eb1ed45050bb3064a26174943575c3
2025-09-08,66287466.50321471,198862.39950964416,145644191.55840537,0x8ad599c3a0eb1ed45050bb3064a26174943575c3
2025-09-09,47137428.16199373,141412.2844859812,144498121.72725707,0x8ad599c3a0eb1ed45050bb3064a26174943575c3
2025-09-10,58395107.723418936,175185.3231702568,146947756.1395866,0x8ad599c3a0eb1ed45050bb3064a26174943575c3
2025-09-11,56405228.547584444,169215.68564275335,143287761.4193483,0x8ad599c3a0eb1ed45050bb3064a26174943575c3
2025-09-12,46448292.22633138,139344.87667899416,142588829.13487583,0x8ad599c3a0eb1ed45050bb3064a26174943575c3
2025-09-13,51562772.72020589,154688.31816061767,141461160.10525236,0x8ad599c3a0eb1ed45050bb3064a26174943575c3
2025-09-14,63508076.492754474,190524.2294782634,143226255.91634798,0x8ad599c3a0eb1ed45050bb3064a26174943575c3
2025-09-15,53810411.32271749,161431.23396815246,146263062.56554222,0x8ad599c3a0eb1ed45050bb3064a26174943575c3
2025-09-16,50059681.4476639,150179.04434299172,145686390.59591407,0x8ad599c3a0eb1ed45050bb3064a26174943575c3
2025-09-17,46176451.051842235,138529.3531555267,144899824.8721386,0x8ad599c3a0eb1ed45050bb3064a26174943575c3
2025-09-18,30997406.055322435,92992.21816596732,147820735.39566576,0x8ad599c3a0eb1ed45050bb3064a26174943575c3
2025-09-19,57323704.69580567,171971.11408741702,149483860.77505982,0x8ad599c3a0eb1ed45050bb3064a26174943575c3
2025-09-20,57417729.5159298,172253.1885477894,156655792.38771513,0x8ad599c3a0eb1ed45050bb3064a26174943575c3
2025-09-21,49751349.74171625,149254.04922514874,154162499.36546877,0x8ad599c3a0eb1ed45050bb3064a26174943575c3
2025-09-22,61412780.22839107,184238.34068517323,152851916.70197564,0x8ad599c3a0eb1ed45050bb3064a26174943575c3
2025-09-23,65000090.83852255,195000.2725155677,153758810.3887104,0x8ad599c3a0eb1ed45050bb3064a26174943575c3
2025-09-24,47242508.0414044,141727.5241242132,155716919.3416559,0x8ad599c3a0eb1ed45050bb3064a26174943575c3
2025-09-25,46764388.53716038,140293.16561148115,152978126.15816796,0x8ad599c3a0eb1ed45050bb3064a26174943575c3
2025-09-26,59347432.61978027,178042.29785934082,155088175.80889085,0x8ad599c3a0eb1ed45050bb3064a26174943575c3
2025-09-27,40170114.92259218,120510.34476777654,153935143.18163666,0x8ad599c3a0eb1ed45050bb3064a26174943575c3
2025-09-28,55797423.997729555,167392.27199318868,151606733.97098067,0x8ad599c3a0eb1ed45050bb3064a26174943575c3
2025-09-29,55505729.405931406,166517.18821779423,153119037.37598717,0x8ad599c3a0eb1ed45050bb3064a26174943575c3
2025-09-30,60449056.23135355,181347.16869406065,145483201.07551378,0x8ad599c3a0eb1ed45050bb3064a26174943575c3
2025-10-01,35555375.37420242,106666.12612260728,141911914.3711473,0x8ad599c3a0eb1ed45050bb3064a26174943575c3
2025-10-02,43077334.523655094,129232.00357096527,142152816.72954887,0x8ad599c3a0eb1ed45050bb3064a26174943575c3
2025-10-03,48107498.88903884,144322.49666711653,139557888.96231613,0x8ad599c3a0eb1ed45050bb3064a26174943575c3
2025-10-04,30874793.103106428,92624.37930931928,142024451.43724528,0x8ad599c3a0eb1ed45050bb3064a26174943575c3
2025-10-05,29510925.75049228,88532.77725147684,139928994.5206452,0x8ad599c3a0eb1ed45050bb3064a26174943575c3
2025-10-06,60593924.568172865,181781.7737045186,135960209.2967599,0x8ad599c3a0eb1ed45050bb3064a26174943575c3
2025-10-07,55041967.35683221,165125.90207049664,137638446.62320405,0x8ad599c3a0eb1ed45050bb3064a26174943575c3
2025-10-08,40040453.66853622,120121.36100560868,137223727.26934218,0x8ad599c3a0eb1ed45050bb3064a26174943575c3
2025-10-09,42043806.049543455,126131.41814863036,138558374.32681742,0x8ad599c3a0eb1ed45050bb3064a26174943575c3
2025-10-10,42112428.26775688,126337.28480327064,138294734.54589027,0x8ad599c3a0eb1ed45050bb3064a26174943575c3
2025-10-11,30868086.62016805,92604.25986050414,137905328.76484492,0x8ad599c3a0eb1ed45050bb3064a26174943575c3
2025-10-12,34386494.11157972,103159.48233473918,141015778.40678883,0x8ad599c3a0eb1ed45050bb3064a26174943575c3
2025-10-13,46974856.42762007,140924.5692828602,142032901.6151543,0x8ad599c3a0eb1ed45050bb3064a26174943575c3
2025-10-14,52683159.986020446,158049.47995806133,136710322.20951274,0x8ad599c3a0eb1ed45050bb3064a26174943575c3
2025-10-15,47939491.92575051,143818.47577725153,135120575.63374865,0x8ad599c3a0eb1ed45050bb3064a26174943575c3
2025-10-16,53772159.82183001,161316.47946549003,129844092.68723296,0x8ad599c3a0eb1ed45050bb3064a26174943575c3
2025-10-17,41663775.60863117,124991.3268258935,130949335.02094863,0x8ad599c3a0eb1ed45050bb3064a26174943575c3
2025-10-18,59194782.067983694,177584.34620395108,131574117.81004052,0x8ad599c3a0eb1ed45050bb3064a26174943575c3
2025-10-19,42769135.968333766,128307.4079050013,128059420.91303484,0x8ad599c3a0eb1ed45050bb3064a26174943575c3
2025-10-20,64601236.340976894,193803.70902293068,128562273.14945632,0x8ad599c3a0eb1ed45050bb3064a26174943575c3
2025-10-21,63534052.39014337,190602.15717043012,132582479.30481084,0x8ad599c3a0eb1ed45050bb3064a26174943575c3
2025-10-22,29662488.4415499,88987.4653246497,130727931.95424809,0x8ad599c3a0eb1ed45050bb3064a26174943575c3
2025-10-23,68814740.69220713,206444.2220766214,132438638.87999468,0x8ad599c3a0eb1ed45050bb3064a26174943575c3
2025-10-24,57782349.15302809,173347.04745908428,130353313.05839032,0x8ad599c3a0eb1ed45050bb3064a26174943575c3
2025-10-25,56258866.11215623,168776.59833646868,131800163.34004606,0x8ad599c3a0eb1ed45050bb3064a26174943575c3
2025-10-26,56619929.179968975,169859.78753990692,130369042.894088,0x8ad599c3a0eb1ed45050bb3064a26174943575c3
2025-10-27,58216696.422497384,174650.08926749215,128836924.4873848,0x8ad599c3a0eb1ed45050bb3064a26174943575c3
2025-10-28,58197723.01606213,174593.1690481864,133258506.36679958,0x8ad599c3a0eb1ed45050bb3064a26174943575c3
2025-10-29,50050890.08583249,150152.6702574975,135380706.5445164,0x8ad599c3a0eb1ed45050bb3064a26174943575c3
2025-10-30,42271443.95085305,126814.33185255916,136082800.7087912,0x8ad599c3a0eb1ed45050bb3064a26174943575c3
2025-10-31,36654074.176476784,109962.22252943036,130755382.04180142,0x8ad599c3a0eb1ed45050bb3064a26174943575c3
2025-11-01,55791599.41602234,167374.798248067,129686857.59320654,0x8ad599c3a0eb1ed45050bb3064a26174943575c3
2025-11-02,28994055.28243068,86982.16584729205,128126506.22558317,0x8ad599c3a0eb1ed45050bb3064a26174943575c3
2025-11-03,42935284.51363389,128805.85354090168,128869840.50628836,0x8ad599c3a0eb1ed45050bb3064a26174943575c3
2025-11-04,49890429.60013295,149671.28880039885,125111925.95227194,0x8ad599c3a0eb1ed45050bb3064a26174943575c3
2025-11-05,62886862.48910297,188660.5874673089,126392677.62451524,0x8ad599c3a0eb1ed45050bb3064a26174943575c3
2025-11-06,65165821.78558252,195497.46535674756,121444969.38853136,0x8ad599c3a0eb1ed45050bb3064a26174943575c3
2025-11-07,48804613.8474779,146413.84154243369,123132145.7865059,0x8ad599c3a0eb1ed45050bb3064a26174943575c3
2025-11-08,64188451.09969237,192565.3532990771,119665366.99339087,0x8ad599c3a0eb1ed45050bb3064a26174943575c3
2025-11-09,49467433.61992993,148402.3008597898,122521377.71781164,0x8ad599c3a0eb1ed45050bb3064a26174943575c3
2025-11-10,41820783.31554659,125462.34994663976,123249561.09903724,0x8ad599c3a0eb1ed45050bb3064a26174943575c3
2025-11-11,44279536.08419302,132838.60825257906,126190076.5704515,0x8ad599c3a0eb1ed45050bb3064a26174943575c3
2025-11-12,50984923.22784246,152954.76968352738,123882159.11397555,0x8ad599c3a0eb1ed45050bb3064a26174943575c3
2025-11-13,31582206.412203938,94746.61923661182,123510211.34900598,0x8ad599c3a0eb1ed45050bb3064a26174943575c3
2025-11-14,38571427.02012413,115714.2810603724,125615016.37052144,0x8ad599c3a0eb1ed45050bb3064a26174943575c3
2025-11-15,64594267.91464854,193782.80374394564,123309791.78446324,0x8ad599c3a0eb1ed45050bb3064a26174943575c3
2025-11-16,53945946.58440193,161837.8397532058,121165579.99660456,0x8ad599c3a0eb1ed45050bb3064a26174943575c3
2025-11-17,65903996.53073161,197711.98959219485,122473218.03241354,0x8ad599c3a0eb1ed45050bb3064a26174943575c3
2025-11-18,45646123.728287324,136938.371184862,121182710.77764536,0x8ad599c3a0eb1ed45050bb3064a26174943575c3
2025-11-19,54692820.31742915,164078.46095228745,121078304.23820668,0x8ad599c3a0eb1ed45050bb3064a26174943575c3
2025-11-20,62064963.380159,186194.890140477,123857467.06379823,0x8ad599c3a0eb1ed45050bb3064a26174943575c3
2025-11-21,47719461.232110985,143158.38369633295,124192455.08793788,0x8ad599c3a0eb1ed45050bb3064a26174943575c3
2025-11-22,54850344.95671727,164551.0348701518,127529790.09050012,0x8ad599c3a0eb1ed45050bb3064a26174943575c3
2025-11-23,43927022.209490106,131781.06662847032,128367927.66400142,0x8ad599c3a0eb1ed45050bb3064a26174943575c3
2025-11-24,35329757.17568009,105989.27152704028,130205499.19454354,0x8ad599c3a0eb1ed45050bb3064a26174943575c3
2025-11-25,50314193.3829361,150942.5801488083,132596185.07443564,0x8ad599c3a0eb1ed45050bb3064a26174943575c3
2025-11-26,54623184.00058428,163869.55200175286,136532232.6842278,0x8ad599c3a0eb1ed45050bb3064a26174943575c3
2025-11-27,54395434.82653153,163186.3044795946,133920121.52088732,0x8ad599c3a0eb1ed45050bb3064a26174943575c3
2025-11-28,48789074.0234123,146367.22207023692,132336456.1798746,0x8ad599c3a0eb1ed45050bb3064a26174943575c3
2025-11-29,39587537.347373195,118762.61204211958,127046073.4589185,0x8ad599c3a0eb1ed45050bb3064a26174943575c3
2025-11-30,47983043.30562669,143949.12991688008,125400861.17115952,0x8ad599c3a0eb1ed45050bb3064a26174943575c3
2025-12-01,68951844.57200181,206855.53371600545,121951724.25499298,0x8ad599c3a0eb1ed45050bb3064a26174943575c3
2025-12-02,45235122.89730968,135705.36869192906,125176154.30884118,0x8ad599c3a0eb1ed45050bb3064a26174943575c3
2025-12-03,38523571.50568812,115570.71451706438,121880558.6665212,0x8ad599c3a0eb1ed45050bb3064a26174943575c3
2025-12-04,50625854.31619995,151877.5629485999,122877957.16274086,0x8ad599c3a0eb1ed45050bb3064a26174943575c3
2025-12-05,49355612.76268954,148066.83828806863,128449937.94633377,0x8ad599c3a0eb1ed45050bb3064a26174943575c3
2025-12-06,52401870.422487,157205.611267461,128395984.7201177,0x8ad599c3a0eb1ed45050bb3064a26174943575c3
2025-12-07,44377641.7480033,133132.92524400988,132628864.7270334,0x8ad599c3a0eb1ed45050bb3064a26174943575c3
2025-12-08,49101760.01418536,147305.28004255609,130821091.06451488,0x8ad599c3a0eb1ed45050bb3064a26174943575c3
2025-12-09,35150357.980610766,105451.07394183228,129961049.72917593,0x8ad599c3a0eb1ed45050bb3064a26174943575c3
2025-12-10,56359526.67635896,169078.5800290769,135728488.73532468,0x8ad599c3a0eb1ed45050bb3064a26174943575c3
2025-12-11,47045703.94473575,141137.11183420726,133955623.28355208,0x8ad599c3a0eb1ed45050bb3064a26174943575c3
2025-12-12,50282761.27767552,150848.28383302657,129980582.05559954,0x8ad599c3a0eb1ed45050bb3064a26174943575c3
2025-12-13,74272303.91293086,222816.91173879255,126515268.95887849,0x8ad599c3a0eb1ed45050bb3064a26174943575c3
2025-12-14,33539633.313487533,100618.8999404626,126837483.63341056,0x8ad599c3a0eb1ed45050bb3064a26174943575c3
2025-12-15,63984959.07212276,191954.87721636827,122822025.64613453,0x8ad599c3a0eb1ed45050bb3064a26174943575c3
2025-12-16,46754937.55009397,140264.8126502819,125166951.01571904,0x8ad599c3a0eb1ed45050bb3064a26174943575c3
2025-12-17,62225623.5472588,186676.8706417764,127815008.92822976,0x8ad599c3a0eb1ed45050bb3064a26174943575c3
2025-12-18,47841584.01202136,143524.75203606408,127542620.35797992,0x8ad599c3a0eb1ed45050bb3064a26174943575c3
2025-12-19,53229089.80108807,159687.26940326422,131773323.84697486,0x8ad599c3a0eb1ed45050bb3064a26174943575c3
2025-12-20,43414470.127508365,130243.4103825251,129836602.92664032,0x8ad599c3a0eb1ed45050bb3064a26174943575c3
2025-12-21,37129566.1177866,111388.6983533598,131606324.28658453,0x8ad599c3a0eb1ed45050bb3064a26174943575c3
2025-12-22,58441455.16317148,175324.36548951443,132452383.36426958,0x8ad599c3a0eb1ed45050bb3064a26174943575c3
2025-12-23,47611708.06219126,142835.12418657378,128568142.0233254,0x8ad599c3a0eb1ed45050bb3064a26174943575c3
2025-12-24,44354900.522800475,133064.70156840142,126803040.38428594,0x8ad599c3a0eb1ed45050bb3064a26174943575c3
2025-12-25,63354007.25189814,190062.0217556944,126787162.78540112,0x8ad599c3a0eb1ed45050bb3064a26174943575c3
2025-12-26,54234027.51956567,162702.08255869703,125758899.9842302,0x8ad599c3a0eb1ed45050bb3064a26174943575c3
2025-12-27,69721265.43957593,209163.79631872775,122408807.10374112,0x8ad599c3a0eb1ed45050bb3064a26174943575c3
2025-12-28,64937210.366553746,194811.63109966123,121080489.37702742,0x8ad599c3a0eb1ed45050bb3064a26174943575c3
2025-12-29,51643871.77213532,154931.61531640595,126722338.89157224,0x8ad599c3a0eb1ed45050bb3064a26174943575c3
2025-12-30,42060278.15006249,126180.83445018748,125306244.49790189,0x8ad599c3a0eb1ed45050bb3064a26174943575c3
2025-12-31,59819260.35244259,179457.78105732778,117458049.95818847,0x8ad599c3a0eb1ed45050bb3064a26174943575c3
2026-01-01,60778623.91665008,182335.87174995025,118248849.07708532,0x8ad599c3a0eb1ed45050bb3064a26174943575c3
2026-01-02,38143077.6193371,114429.2328580113,121026343.67769095,0x8ad599c3a0eb1ed45050bb3064a26174943575c3
2026-01-03,46695632.872247614,140086.89861674284,120554700.69791588,0x8ad599c3a0eb1ed45050bb3064a26174943575c3
2026-01-04,39711538.32786527,119134.61498359582,124674199.99629349,0x8ad599c3a0eb1ed45050bb3064a26174943575c3
2026-01-05,48926858.3792275,146780.5751376825,125307852.28936848,0x8ad599c3a0eb1ed45050bb3064a26174943575c3
2026-01-06,26840477.330869645,80521.43199260894,125933441.48437388,0x8ad599c3a0eb1ed45050bb3064a26174943575c3
2026-01-07,27835963.201418296,83507.88960425489,122804142.1869286,0x8ad599c3a0eb1ed45050bb3064a26174943575c3
2026-01-08,51175091.99173801,153525.27597521403,123517350.22781846,0x8ad599c3a0eb1ed45050bb3064a26174943575c3
2026-01-09,58003434.579343185,174010.30373802956,128089337.9820982,0x8ad599c3a0eb1ed45050bb3064a26174943575c3
2026-01-10,37950690.15517991,113852.07046553971,125408176.4903118,0x8ad599c3a0eb1ed45050bb3064a26174943575c3
2026-01-11,73332204.35084343,219996.6130525303,126653057.5063621,0x8ad599c3a0eb1ed45050bb3064a26174943575c3
2026-01-12,47539969.620749824,142619.90886224946,127918510.37629312,0x8ad599c3a0eb1ed45050bb3064a26174943575c3
2026-01-13,64288426.25454423,192865.2787636327,131654052.12362307,0x8ad599c3a0eb1ed45050bb3064a26174943575c3
2026-01-14,63309643.94174861,189928.93182524585,130304750.66466652,0x8ad599c3a0eb1ed45050bb3064a26174943575c3
2026-01-15,54359560.52684338,163078.68158053013,130027718.18411112,0x8ad599c3a0eb1ed45050bb3064a26174943575c3
2026-01-16,60912454.20097421,182737.36260292263,128904054.4443458,0x8ad599c3a0eb1ed45050bb3064a26174943575c3
2026-01-17,66411797.486574054,199235.39245972215,133125958.08543946,0x8ad599c3a0eb1ed45050bb3064a26174943575c3
2026-01-18,46997297.53617613,140991.8926085284,131815764.35323568,0x8ad599c3a0eb1ed45050bb3064a26174943575c3
2026-01-19,60489651.21384067,181468.953641522,134992051.61014876,0x8ad599c3a0eb1ed45050bb3064a26174943575c3
2026-01-20,44152917.10587606,132458.75131762816,133616132.3590936,0x8ad599c3a0eb1ed45050bb3064a26174943575c3
2026-01-21,52360101.847373985,157080.30554212196,132607787.29634166,0x8ad599c3a0eb1ed45050bb3064a26174943575c3
2026-01-22,56677491.92429163,170032.4757728749,132198052.32669798,0x8ad599c3a0eb1ed45050bb3064a26174943575c3
2026-01-23,46189143.04167692,138567.4291250308,134396100.97854406,0x8ad599c3a0eb1ed45050bb3064a26174943575c3
2026-01-24,31832989.813518953,95498.96944055686,132039653.79624666,0x8ad599c3a0eb1ed45050bb3064a26174943575c3
2026-01-25,56042752.4275223,168128.25728256692,133083834.4359948,0x8ad599c3a0eb1ed45050bb3064a26174943575c3
2026-01-26,38488654.421047,115465.963263141,132847040.02086702,0x8ad599c3a0eb1ed45050bb3064a26174943575c3
2026-01-27,37029282.782752305,111087.84834825691,135437391.07517573,0x8ad599c3a0eb1ed45050bb3064a26174943575c3
2026-01-28,39480302.40689071,118440.90722067216,130945435.08352588,0x8ad599c3a0eb1ed45050bb3064a26174943575c3
2026-01-29,39975361.81581138,119926.08544743416,137987518.6504665,0x8ad599c3a0eb1ed45050bb3064a26174943575c3
2026-01-30,50276946.966201395,150830.8408986042,139364575.07140952,0x8ad599c3a0eb1ed45050bb3064a26174943575c3
2026-01-31,53318806.55739199,159956.41967217598,139949241.77521637,0x8ad599c3a0eb1ed45050bb3064a26174943575c3
